"","Transect","Display_size","Flower_diameter","Floral_depth","Petal_width","Petal_length","Stylus_length","Filament_length","Nectar_depth","Nectar_width","Stylus_position","Filament_position","Plant_height","Flower_inclination","Number_inflorescense","Number_flowers_per_inflo","color_s","color_m","color_l","color_lum"
"1","1181.1",36.3871428571429,0.872857142857143,2.63285714285714,0.515714285714286,0.932857142857143,0.857142857142857,0.965714285714286,0.965714285714286,0.447142857142857,-0.108571428571429,6.4405965215082e-18,305.142857142857,162.857142857143,5,46.7142857142857,0.485211979840383,0.804393125170275,0.77678913995693,0.247113820115863
"2","1181.1",11.497,2.994,1.569,0.942,0.995,1.571,1.509,1.167,0.465,0.404,0.342,111.3,150,14.7,8.4,0.640577876023189,0.587173721466553,0.690879893882018,0.165409136815398
"3","1181.1",14.4,1.18285714285714,1.77142857142857,0.45,1.86571428571429,2.16142857142857,1.63142857142857,1.26714285714286,0.848571428571429,0.894285714285714,0.364285714285714,79.2857142857143,163.571428571429,6.42857142857143,1,0.581336527272474,0.861917460954227,0.823384891908659,0.292061683833499
"4","1181.1",9.515,3.314,3.738,1.928,3.649,3.8445,2.689,1.073,3.314,2.7715,1.616,64.4,53.5,1.2,5.3,0.589526695473504,0.798281334089324,0.747223496539625,0.221311074000003
"5","1181.1",13.79,13.79,14.6528571428571,5.96714285714286,14.6957142857143,12.6814285714286,3.89428571428571,11.7614285714286,6.093,0.92,-7.86714285714286,194.714285714286,96.4285714285714,1.28571428571429,1,0.452503608275362,0.698097746844537,0.393617090226803,0.055682991052288
"6","1181.1",39.1257142857143,3.70857142857143,16.6614285714286,0.658571428571429,16.65,19.4142857142857,17.4285714285714,12.0585714285714,1.30857142857143,7.35571428571429,5.37,258.857142857143,172.857142857143,1,27.1428571428571,0.366130978207888,0.71189467138938,0.50761423130941,0.0846268732318982
"7","1181.1",16.7885714285714,2.82571428571429,0.834285714285714,0.801428571428571,1.23714285714286,1.03857142857143,0.925714285714286,0.698571428571429,0.341428571428571,0.34,0.227142857142857,242.142857142857,168.571428571429,32.4285714285714,9.57142857142857,0.524102699454467,0.743882614057808,0.780666423241729,0.235207671309241
"8","1181.1",23.8514285714286,17.6728571428571,10.7428571428571,3.57285714285714,9.88857142857143,7.45428571428571,9.18142857142857,0,0,7.45428571428571,9.18142857142857,260.857142857143,152.857142857143,1.85714285714286,1,0.593996612517988,0.409499107819871,0.595790834667849,0.119612116552552
"9","1181.1",24.785,1.108,15.725,0.277,15.725,11.09,9.682,4.955,0.531,6.135,4.727,234.2,169.5,1,25.4,0.334741550631428,0.258316790630206,0.580528509155568,0.11019681188024
"10","1181.1",42.827,0.847,3.061,0.45,3.061,2.557,2.719,2.499,0.799,0.058,0.22,322.3,172.5,1,27.7,0.361734531295044,0.845209804095979,0.8369396145845,0.306059801099507
"11","1181.1",20.8285714285714,11.6285714285714,12.7414285714286,8.34285714285714,10.9,12.3885714285714,12.3085714285714,7.23285714285714,1.88857142857143,5.15571428571429,5.07571428571429,88.4285714285714,95,2.14285714285714,1.28571428571429,0.21282921506318,0.22299054287099,0.727590619720635,0.186404335163698
"12","1181.1",20.2314285714286,20.2314285714286,5.81142857142857,7.52857142857143,9.71857142857143,6.13142857142857,6.83,0,0,6.13142857142857,6.83,122.285714285714,170.714285714286,1,1,0.442674172891459,0.845824438689237,0.8433900111103,0.3202403790163
"13","1181.1",46.521,2.551,1.026,0.952,1.046,1.039,NA,0,0,1.039,NA,420.6,180,1.9,119.6,0.410016997322636,0.783816631918844,0.804895266804614,0.26109280371279
"14","1181.1",10.5317647058824,3.64058823529412,4.18941176470588,1.39470588235294,2.79470588235294,4.88529411764706,7.16941176470588,3.88470588235294,0.815294117647059,1.00058823529412,3.28470588235294,284,158.823529411765,1.52941176470588,19.3529411764706,0.451824195444068,0.561842863484176,0.603770615528507,0.133054804151102
"15","1181.1",20.1485714285714,2.98571428571429,3.45285714285714,0.882857142857143,3.31142857142857,4.07428571428571,10.1457142857143,2.07714285714286,0.957142857142857,1.99714285714286,8.06857142857143,333.428571428571,142.142857142857,1.42857142857143,53.1428571428571,0.177917286829628,0.408524884513186,0.463051860098247,0.0702320402128831
"16","1181.1",11.528,4.508,4.075,1.798,3.503,2.61,3.021,3.019,0.701,-0.409,0.00199999999999999,51,117.5,1.1,3.3,0.54682813468658,0.715957595943725,0.477561057179035,0.0739190935883269
"17","1181.1",9.408,9.408,1.874,4.322,3.776,2.538,3.052,0,0,2.538,3.052,56.9,157,1.1,1.2,0.790639787516732,0.610399334936475,0.804542526802953,0.263942438238476
"18","1181.1",17.77,4.24285714285714,10.85,2.31571428571429,8.56285714285714,10.8928571428571,9.84285714285714,7.85571428571429,2.43857142857143,3.03714285714286,1.98714285714286,102.428571428571,141.285714285714,4.85714285714286,1,0.248499325323095,0.627245053440919,0.386871600384424,0.0531978118108195
"19","1181.1",17.254,17.254,10.601,9.719,12.161,4.819,6.452,0,0,4.819,6.452,223,155.5,1.7,1.6,0.790809573154082,0.561225805891041,0.823724219632586,0.290485856408723
"20","1181.1",121.045714285714,1.15714285714286,1.06428571428571,0.74,0.97,1.5,NA,0,0,1.5,NA,377.285714285714,155.714285714286,7.71428571428571,25.1428571428571,0.525283231140907,0.519466664968972,0.521160803903979,0.088608112408113
"21","1181.1",34.5342857142857,3.23,11.9885714285714,1.84428571428571,9.09857142857143,9.72142857142857,11.1942857142857,5.78571428571429,1.96714285714286,3.93571428571429,5.40857142857143,534.142857142857,180,39.4285714285714,1.14285714285714,0.283337707952017,0.801918899790172,0.6567010981459,0.141746383010245
"22","1181.1",14.5328571428571,1.61428571428571,11.9271428571429,1.61428571428571,11.9271428571429,9.92714285714286,8.65285714285714,3.83285714285714,0.451428571428571,6.09428571428571,4.82,219.285714285714,172.142857142857,1.28571428571429,21.2,0.481001127296547,0.34618374751889,0.67996988259371,0.161654521148259
"23","1181.1",32.78,0.957142857142857,13.8985714285714,0.957142857142857,13.8985714285714,11.29,8.99428571428571,5.40428571428571,0.335714285714286,5.88571428571429,3.59,101.428571428571,162.857142857143,1,52.1428571428571,0.461497530932104,0.305051311741686,0.619064725562655,0.122936679346836
"24","1181.1",15.394,3.658,6.484,1.591,5.411,5.272,7.116,3.965,1.568,1.307,3.151,74.1,122.5,8.5,1.2,0.465936514723519,0.743036023465611,0.590517187542484,0.11387352548667
"25","1181.1",20.4971428571429,2.58,13.2142857142857,1.85142857142857,14.3642857142857,12.0342857142857,12.3242857142857,9.55142857142857,1.51142857142857,2.48285714285714,2.77285714285714,144.571428571429,166.428571428571,1,44.7142857142857,0.090304019145451,0.547336252651848,0.441154273730246,0.0673981343276709
"26","1181.1",18.4485714285714,4.27714285714286,7.49714285714286,2.05142857142857,8.19285714285714,4.85571428571429,5.36714285714286,3.91,1.39142857142857,0.945714285714286,1.45714285714286,97.2857142857143,128.571428571429,1,8.71428571428571,0.37865642273238,0.759245772152911,0.792470336298726,0.247774982748115
"27","1181.1",9.44285714285714,9.44285714285714,3.95285714285714,5.40428571428571,5.99571428571429,6.15,5.20357142857143,1.46571428571429,1.14142857142857,4.55,3.60357142857143,164.571428571429,146.428571428571,3,1,0.724098784598034,0.819360693076529,0.565511999763541,0.102320353001019
"28","1181.2",36.3871428571429,0.872857142857143,2.63285714285714,0.515714285714286,0.932857142857143,0.857142857142857,0.965714285714286,0.965714285714286,0.447142857142857,-0.108571428571429,6.4405965215082e-18,305.142857142857,162.857142857143,5,46.7142857142857,0.485211979840383,0.804393125170275,0.77678913995693,0.247113820115863
"29","1181.2",11.497,2.994,1.569,0.942,0.995,1.571,1.509,1.167,0.465,0.404,0.342,111.3,150,14.7,8.4,0.640577876023189,0.587173721466553,0.690879893882018,0.165409136815398
"30","1181.2",14.4,1.18285714285714,1.77142857142857,0.45,1.86571428571429,2.16142857142857,1.63142857142857,1.26714285714286,0.848571428571429,0.894285714285714,0.364285714285714,79.2857142857143,163.571428571429,6.42857142857143,1,0.581336527272474,0.861917460954227,0.823384891908659,0.292061683833499
"31","1181.2",22.5557142857143,8.98571428571429,3.60285714285714,2.24714285714286,5.38142857142857,4.57571428571429,4.56857142857143,2.34285714285714,1.27428571428571,2.23285714285714,2.22571428571429,279.714285714286,NA,10.8571428571429,4.14285714285714,0.577144685696846,0.615634462330095,0.851830940761905,0.328466874775879
"32","1181.2",9.515,3.314,3.738,1.928,3.649,3.8445,2.689,1.073,3.314,2.7715,1.616,64.4,53.5,1.2,5.3,0.589526695473504,0.798281334089324,0.747223496539625,0.221311074000003
"33","1181.2",13.79,13.79,14.6528571428571,5.96714285714286,14.6957142857143,12.6814285714286,3.89428571428571,11.7614285714286,6.093,0.92,-7.86714285714286,194.714285714286,96.4285714285714,1.28571428571429,1,0.452503608275362,0.698097746844537,0.393617090226803,0.055682991052288
"34","1181.2",56.4,3.54428571428571,10.2228571428571,0.85,11.6857142857143,14.7442857142857,13.4757142857143,10.23,1.42285714285714,4.51428571428571,3.24571428571429,85.2857142857143,153.571428571429,1,202.571428571429,0.353260903737948,0.666367066889935,0.654819089747627,0.148968726736795
"35","1181.2",16.7885714285714,2.82571428571429,0.834285714285714,0.801428571428571,1.23714285714286,1.03857142857143,0.925714285714286,0.698571428571429,0.341428571428571,0.34,0.227142857142857,242.142857142857,168.571428571429,32.4285714285714,9.57142857142857,0.524102699454467,0.743882614057808,0.780666423241729,0.235207671309241
"36","1181.2",23.8514285714286,17.6728571428571,10.7428571428571,3.57285714285714,9.88857142857143,7.45428571428571,9.18142857142857,0,0,7.45428571428571,9.18142857142857,260.857142857143,152.857142857143,1.85714285714286,1,0.593996612517988,0.409499107819871,0.595790834667849,0.119612116552552
"37","1181.2",24.785,1.108,15.725,0.277,15.725,11.09,9.682,4.955,0.531,6.135,4.727,234.2,169.5,1,25.4,0.334741550631428,0.258316790630206,0.580528509155568,0.11019681188024
"38","1181.2",42.827,0.847,3.061,0.45,3.061,2.557,2.719,2.499,0.799,0.058,0.22,322.3,172.5,1,27.7,0.361734531295044,0.845209804095979,0.8369396145845,0.306059801099507
"39","1181.2",20.8285714285714,11.6285714285714,12.7414285714286,8.34285714285714,10.9,12.3885714285714,12.3085714285714,7.23285714285714,1.88857142857143,5.15571428571429,5.07571428571429,88.4285714285714,95,2.14285714285714,1.28571428571429,0.21282921506318,0.22299054287099,0.727590619720635,0.186404335163698
"40","1181.2",20.2314285714286,20.2314285714286,5.81142857142857,7.52857142857143,9.71857142857143,6.13142857142857,6.83,0,0,6.13142857142857,6.83,122.285714285714,170.714285714286,1,1,0.442674172891459,0.845824438689237,0.8433900111103,0.3202403790163
"41","1181.2",46.521,2.551,1.026,0.952,1.046,1.039,NA,0,0,1.039,NA,420.6,180,1.9,119.6,0.410016997322636,0.783816631918844,0.804895266804614,0.26109280371279
"42","1181.2",10.5317647058824,3.64058823529412,4.18941176470588,1.39470588235294,2.79470588235294,4.88529411764706,7.16941176470588,3.88470588235294,0.815294117647059,1.00058823529412,3.28470588235294,284,158.823529411765,1.52941176470588,19.3529411764706,0.451824195444068,0.561842863484176,0.603770615528507,0.133054804151102
"43","1181.2",20.1485714285714,2.98571428571429,3.45285714285714,0.882857142857143,3.31142857142857,4.07428571428571,10.1457142857143,2.07714285714286,0.957142857142857,1.99714285714286,8.06857142857143,333.428571428571,142.142857142857,1.42857142857143,53.1428571428571,0.177917286829628,0.408524884513186,0.463051860098247,0.0702320402128831
"44","1181.2",9.408,9.408,1.874,4.322,3.776,2.538,3.052,0,0,2.538,3.052,56.9,157,1.1,1.2,0.790639787516732,0.610399334936475,0.804542526802953,0.263942438238476
"45","1181.2",17.77,4.24285714285714,10.85,2.31571428571429,8.56285714285714,10.8928571428571,9.84285714285714,7.85571428571429,2.43857142857143,3.03714285714286,1.98714285714286,102.428571428571,141.285714285714,4.85714285714286,1,0.248499325323095,0.627245053440919,0.386871600384424,0.0531978118108195
"46","1181.2",17.254,17.254,10.601,9.719,12.161,4.819,6.452,0,0,4.819,6.452,223,155.5,1.7,1.6,0.790809573154082,0.561225805891041,0.823724219632586,0.290485856408723
"47","1181.2",121.045714285714,1.15714285714286,1.06428571428571,0.74,0.97,1.5,NA,0,0,1.5,NA,377.285714285714,155.714285714286,7.71428571428571,25.1428571428571,0.525283231140907,0.519466664968972,0.521160803903979,0.088608112408113
"48","1181.2",34.5342857142857,3.23,11.9885714285714,1.84428571428571,9.09857142857143,9.72142857142857,11.1942857142857,5.78571428571429,1.96714285714286,3.93571428571429,5.40857142857143,534.142857142857,180,39.4285714285714,1.14285714285714,0.283337707952017,0.801918899790172,0.6567010981459,0.141746383010245
"49","1181.2",14.5328571428571,1.61428571428571,11.9271428571429,1.61428571428571,11.9271428571429,9.92714285714286,8.65285714285714,3.83285714285714,0.451428571428571,6.09428571428571,4.82,219.285714285714,172.142857142857,1.28571428571429,21.2,0.481001127296547,0.34618374751889,0.67996988259371,0.161654521148259
"50","1181.2",8.262,10.3314285714286,3.14142857142857,3.79571428571429,4.79428571428571,3.95,3.75857142857143,3.14142857142857,10.3314285714286,0.808571428571428,0.617142857142857,103.1,149.5,2.5,1,0.374683132865472,0.789908435444246,0.758974637542456,0.222617351868875
"51","1181.2",32.78,0.957142857142857,13.8985714285714,0.957142857142857,13.8985714285714,11.29,8.99428571428571,5.40428571428571,0.335714285714286,5.88571428571429,3.59,101.428571428571,162.857142857143,1,52.1428571428571,0.461497530932104,0.305051311741686,0.619064725562655,0.122936679346836
"52","1181.2",15.394,3.658,6.484,1.591,5.411,5.272,7.116,3.965,1.568,1.307,3.151,74.1,122.5,8.5,1.2,0.465936514723519,0.743036023465611,0.590517187542484,0.11387352548667
"53","1181.2",20.4971428571429,2.58,13.2142857142857,1.85142857142857,14.3642857142857,12.0342857142857,12.3242857142857,9.55142857142857,1.51142857142857,2.48285714285714,2.77285714285714,144.571428571429,166.428571428571,1,44.7142857142857,0.090304019145451,0.547336252651848,0.441154273730246,0.0673981343276709
"54","1181.2",13.1466666666667,14.24,7.47666666666667,6.51333333333333,13.7566666666667,8.96333333333333,8.13666666666667,7.47666666666667,3.16333333333333,1.48666666666667,0.66,57.6666666666667,45,1,1,0.473406138882738,0.729903974004037,0.504886641372828,0.0794957782815812
"55","1181.3",11.497,2.994,1.569,0.942,0.995,1.571,1.509,1.167,0.465,0.404,0.342,111.3,150,14.7,8.4,0.640577876023189,0.587173721466553,0.690879893882018,0.165409136815398
"56","1181.3",9.515,3.314,3.738,1.928,3.649,3.8445,2.689,1.073,3.314,2.7715,1.616,64.4,53.5,1.2,5.3,0.589526695473504,0.798281334089324,0.747223496539625,0.221311074000003
"57","1181.3",13.79,13.79,14.6528571428571,5.96714285714286,14.6957142857143,12.6814285714286,3.89428571428571,11.7614285714286,6.093,0.92,-7.86714285714286,194.714285714286,96.4285714285714,1.28571428571429,1,0.452503608275362,0.698097746844537,0.393617090226803,0.055682991052288
"58","1181.3",16.7885714285714,2.82571428571429,0.834285714285714,0.801428571428571,1.23714285714286,1.03857142857143,0.925714285714286,0.698571428571429,0.341428571428571,0.34,0.227142857142857,242.142857142857,168.571428571429,32.4285714285714,9.57142857142857,0.524102699454467,0.743882614057808,0.780666423241729,0.235207671309241
"59","1181.3",6.22666666666667,3.16666666666667,6.43,0.623333333333333,6.12,8.99833333333333,6.94666666666667,3.61666666666667,0.526666666666667,5.38166666666667,3.33,183.333333333333,149.166666666667,1,15,0.167462617701785,0.265049680272739,0.255283702522122,0.0313949030244727
"60","1181.3",24.785,1.108,15.725,0.277,15.725,11.09,9.682,4.955,0.531,6.135,4.727,234.2,169.5,1,25.4,0.334741550631428,0.258316790630206,0.580528509155568,0.11019681188024
"61","1181.3",42.827,0.847,3.061,0.45,3.061,2.557,2.719,2.499,0.799,0.058,0.22,322.3,172.5,1,27.7,0.361734531295044,0.845209804095979,0.8369396145845,0.306059801099507
"62","1181.3",20.8285714285714,11.6285714285714,12.7414285714286,8.34285714285714,10.9,12.3885714285714,12.3085714285714,7.23285714285714,1.88857142857143,5.15571428571429,5.07571428571429,88.4285714285714,95,2.14285714285714,1.28571428571429,0.21282921506318,0.22299054287099,0.727590619720635,0.186404335163698
"63","1181.3",46.521,2.551,1.026,0.952,1.046,1.039,NA,0,0,1.039,NA,420.6,180,1.9,119.6,0.410016997322636,0.783816631918844,0.804895266804614,0.26109280371279
"64","1181.3",20.1485714285714,2.98571428571429,3.45285714285714,0.882857142857143,3.31142857142857,4.07428571428571,10.1457142857143,2.07714285714286,0.957142857142857,1.99714285714286,8.06857142857143,333.428571428571,142.142857142857,1.42857142857143,53.1428571428571,0.177917286829628,0.408524884513186,0.463051860098247,0.0702320402128831
"65","1181.3",9.408,9.408,1.874,4.322,3.776,2.538,3.052,0,0,2.538,3.052,56.9,157,1.1,1.2,0.790639787516732,0.610399334936475,0.804542526802953,0.263942438238476
"66","1181.3",17.77,4.24285714285714,10.85,2.31571428571429,8.56285714285714,10.8928571428571,9.84285714285714,7.85571428571429,2.43857142857143,3.03714285714286,1.98714285714286,102.428571428571,141.285714285714,4.85714285714286,1,0.248499325323095,0.627245053440919,0.386871600384424,0.0531978118108195
"67","1181.3",17.254,17.254,10.601,9.719,12.161,4.819,6.452,0,0,4.819,6.452,223,155.5,1.7,1.6,0.790809573154082,0.561225805891041,0.823724219632586,0.290485856408723
"68","1181.3",34.5342857142857,3.23,11.9885714285714,1.84428571428571,9.09857142857143,9.72142857142857,11.1942857142857,5.78571428571429,1.96714285714286,3.93571428571429,5.40857142857143,534.142857142857,180,39.4285714285714,1.14285714285714,0.283337707952017,0.801918899790172,0.6567010981459,0.141746383010245
"69","1181.3",14.5328571428571,1.61428571428571,11.9271428571429,1.61428571428571,11.9271428571429,9.92714285714286,8.65285714285714,3.83285714285714,0.451428571428571,6.09428571428571,4.82,219.285714285714,172.142857142857,1.28571428571429,21.2,0.481001127296547,0.34618374751889,0.67996988259371,0.161654521148259
"70","1181.3",8.262,10.3314285714286,3.14142857142857,3.79571428571429,4.79428571428571,3.95,3.75857142857143,3.14142857142857,10.3314285714286,0.808571428571428,0.617142857142857,103.1,149.5,2.5,1,0.374683132865472,0.789908435444246,0.758974637542456,0.222617351868875
"71","1181.3",15.394,3.658,6.484,1.591,5.411,5.272,7.116,3.965,1.568,1.307,3.151,74.1,122.5,8.5,1.2,0.465936514723519,0.743036023465611,0.590517187542484,0.11387352548667
"72","1181.3",20.4971428571429,2.58,13.2142857142857,1.85142857142857,14.3642857142857,12.0342857142857,12.3242857142857,9.55142857142857,1.51142857142857,2.48285714285714,2.77285714285714,144.571428571429,166.428571428571,1,44.7142857142857,0.090304019145451,0.547336252651848,0.441154273730246,0.0673981343276709
"73","1181.3",18.4485714285714,4.27714285714286,7.49714285714286,2.05142857142857,8.19285714285714,4.85571428571429,5.36714285714286,3.91,1.39142857142857,0.945714285714286,1.45714285714286,97.2857142857143,128.571428571429,1,8.71428571428571,0.37865642273238,0.759245772152911,0.792470336298726,0.247774982748115
"74","1463.1",42.1814285714286,1.31571428571429,2.74,0.398571428571429,2.53142857142857,2.73285714285714,2.64428571428571,2.05571428571429,0.51,0.677142857142857,0.588571428571429,294.375,177.5,4.42857142857143,48.8571428571429,0.359595428746049,0.785650107189618,0.760350465640386,0.216613731901564
"75","1463.1",9.991,3.772,1.528,1.146,1.431,1.373,0.693,1.528,0.699,-0.155,-0.835,111.3,150,14.7,8.4,0.377149728764603,0.415202494368445,0.613276544698234,0.11995382879008
"76","1463.1",16.6835294117647,1.20352941176471,1.56411764705882,0.999411764705882,4.36941176470588,2.11352941176471,1.92058823529412,1.26823529411765,0.603529411764706,0.845294117647059,0.652352941176471,111,163.235294117647,1,41.8235294117647,0.620293028513834,0.913138320418294,0.89275890925642,0.417123902424128
"77","1463.1",43.738,3.202,4.026,1.944,3.6,4.62,3.023,2.681,2.527,1.939,0.342,178.6,71.5,1,24.2,0.505831736199684,0.730311579068746,0.637762912475914,0.138029245444204
"78","1463.1",12.633,12.633,18.485,6.288,19.867,14.3285714285714,5.42142857142857,15.933,6.093,1.35285714285714,-7.55428571428571,145.4,81.5,1,1,0.608749201500782,0.830112300875761,0.732154585017704,0.230212737981553
"79","1463.1",60.6885714285714,1.57428571428571,10.57,0.234285714285714,11.5414285714286,14.0442857142857,12.4814285714286,10.57,1.04,3.47428571428571,1.91142857142857,54.8571428571429,159.285714285714,1,270.285714285714,0.205402432931778,0.697271398775374,0.687782742805288,0.159728886026943
"80","1463.1",11.24,2.65214285714286,0.378571428571429,1.03642857142857,0.909285714285714,NA,NA,0,0,NA,NA,437.142857142857,157.142857142857,9,15.4285714285714,0.517491848631665,0.826749871796964,0.829378396439889,0.297008099781981
"81","1463.1",23.8642857142857,7.94285714285714,14.3842857142857,4.46142857142857,14.8171428571429,14.3357142857143,13.5085714285714,12.2357142857143,3.13428571428571,2.1,1.27285714285714,129.285714285714,130.714285714286,NA,NA,0.434206685401383,0.784172419933457,0.567021442180285,0.101398702586525
"82","1463.1",23.1285714285714,1.80428571428571,13.4371428571429,1.80428571428571,13.4371428571429,10.62,8.25142857142857,4.20857142857143,0.725714285714286,6.41142857142857,4.04285714285714,208.571428571429,177.142857142857,1,60.4285714285714,0.416554111562148,0.268048994873827,0.346743679802329,0.0475779903609647
"83","1463.1",52.942,3.332,0.971,0.822,1.814,1.276,1.478,0.971,3.332,0.305,0.507,266.2,172.5,24.5,7.3,0.474957653042641,0.769147019884997,0.808546963926778,0.267803730183409
"84","1463.1",14.5971428571429,3.48285714285714,0.535714285714286,0.89,1.48,0.487142857142857,0.664285714285714,0.535714285714286,3.48285714285714,-0.0485714285714286,0.128571428571429,129.142857142857,140,6.57142857142857,3.85714285714286,0.586058080468147,0.849044888958673,0.861496669104222,0.346533514738881
"85","1463.1",NA,NA,NA,NA,NA,NA,NA,0,0,NA,NA,121.714285714286,139.285714285714,1.14285714285714,1,0.832334095060496,0.830594831546445,0.574699519858704,0.105010592015643
"86","1463.1",34.5642857142857,25.7414285714286,9.47571428571429,6.79428571428571,13.4757142857143,9.21285714285714,8.64142857142857,0,0,9.21285714285714,8.64142857142857,278.571428571429,158.571428571429,1.85714285714286,1,0.914523140518616,0.769977070585301,0.835188823868493,0.303892338948749
"87","1463.1",31.12,1.85235294117647,13.3388235294118,1.85235294117647,13.9364705882353,11.6705882352941,9.47705882352941,4.52588235294118,0.739411764705882,7.14470588235294,4.95117647058824,256.705882352941,168.235294117647,1.05882352941176,28.4705882352941,0.64766322789662,0.444315558998174,0.767058614400852,0.226734499438386
"88","1463.1",31.353,0.95,2.997,0.393,3.005,3.082,2.933,2.367,0.566,0.715,0.566,211.8,164,1.3,33.6,0.560906434818251,0.891969981481666,0.88601650988542,0.397867730647614
"89","1463.1",13.7442857142857,1.14571428571429,6.78285714285714,1.14571428571429,6.78285714285714,6.55142857142857,5.30285714285714,2.28857142857143,0.487142857142857,4.26285714285714,3.01428571428571,167,157.142857142857,1,27.7142857142857,0.440823148497902,0.464489138403805,0.828855698380247,0.292365594790606
"90","1463.1",37.077,2.848,1.313,1.0635,1.353,1.039,NA,0,0,NA,NA,371.1,157,10.4,25.1,0.4356300662107,0.808570791124698,0.833584539873667,0.299980996608617
"91","1463.1",23.3128571428571,3.24,2.969,0.861428571428571,3.01614285714286,7.28285714285714,12.43,2.59757142857143,0.828571428571429,4.68528571428571,9.83242857142857,353.857142857143,170.714285714286,1.14285714285714,87.1428571428571,0.397224939112248,0.747439731509476,0.702335657620372,0.175784822673073
"92","1463.1",17.754,17.754,0.039,8.902,7.835,2.377,3.843,0,0,2.377,3.843,103,161,2.5,1,0.225486402658247,0.241377588375508,0.836316231185275,0.302996999903584
"93","1463.1",7.701,7.701,1.454,3.531,3.424,2.319,2.163,0,0,2.319,2.163,66.5357142857143,142.142857142857,1.17857142857143,1,0.843392149523968,0.673737316755617,0.819620236071414,0.291693909253124
"94","1463.1",14.519,14.519,6.102,6.394,7.621,3.059,4.093,0,0,3.059,4.093,339.833333333333,153,2.11111111111111,1,0.665065572137008,0.405669768315754,0.784538500377099,0.256016702136667
"95","1463.1",19.017,19.017,11.658,10.645,12.514,6.093,7.357,0,0,6.093,7.357,160.9,167.5,1.4,1,0.726858686955171,0.38941177295593,0.742266488836204,0.197971149648706
"96","1463.1",15.55,15.55,5.43,6.82285714285714,8.69428571428571,3.95,4.65714285714286,0,0,3.95,4.65714285714286,216.285714285714,159.285714285714,1,1,0.748922211124517,0.488113400201488,0.845859964199405,0.317343030576043
"97","1463.1",22.941,2.532,14.381,2.532,14.381,10.716,8.565,4.481,0.356,6.235,4.084,240.8,166.5,1.6,21.2,0.685282604707861,0.460563999393379,0.73787379555272,0.197444580725866
"98","1463.1",10.3314285714286,10.3314285714286,3.14142857142857,3.79571428571429,4.79428571428571,3.95,3.75857142857143,3.14142857142857,10.3314285714286,0.808571428571428,0.617142857142857,174.724137931034,157.931034482759,2.62068965517241,1,0.553191755531925,0.868422574456624,0.839174476196996,0.31336469374686
"99","1463.1",42.266,0.836,14.871,2.106,14.871,11.462,9.012,3.926,0.575,7.536,5.086,178.9,161,1,52.1428571428571,0.852324403646432,0.637683464111739,0.820118698493784,0.280740958749219
"100","1463.1",15.5952941176471,4.00470588235294,5.91058823529412,1.85941176470588,5.85588235294118,5.57529411764706,5.49705882352941,4.36,1.38,1.21529411764706,1.13705882352941,80.5294117647059,135.882352941176,6.94117647058824,1,0.497992443654173,0.809519960837232,0.676050026954307,0.153101474421887
"101","1463.1",22.412,3.658,11.815,2.354,12.652,11.484,11.279,8.377,1.403,3.107,2.902,163.25,136.875,1,37,0.277346797529254,0.742587823797142,0.668673960782443,0.147082760699231
"102","1463.1",17.0452941176471,5.18117647058824,7.31529411764706,3.20764705882353,8.17588235294118,5.26823529411765,5.71764705882353,4.58588235294118,1.08058823529412,0.682352941176471,1.13176470588235,123.529411764706,156.941176470588,1,14.6470588235294,0.284999694057795,0.695530471999095,0.705955649892465,0.181051720576497
"103","1463.1",4.59,4.59,3.88857142857143,4.59,3.88857142857143,4.37285714285714,3.10285714285714,3.88857142857143,1.88142857142857,0.484285714285714,-0.785714285714286,137.142857142857,20,1,1,0.305604354942316,0.413764990136731,0.396614306025431,0.0548757705709337
"104","1463.1",10.835,10.3664285714286,2.34357142857143,5.51071428571429,4.62357142857143,6.15,5.20357142857143,1.6,1.36214285714286,4.55,3.60357142857143,178,140.714285714286,1.5,1.64285714285714,0.755995025324453,0.842374073227329,0.637414223740742,0.13183122327781
"105","1463.2",42.1814285714286,1.31571428571429,2.74,0.398571428571429,2.53142857142857,2.73285714285714,2.64428571428571,2.05571428571429,0.51,0.677142857142857,0.588571428571429,294.375,177.5,4.42857142857143,48.8571428571429,0.359595428746049,0.785650107189618,0.760350465640386,0.216613731901564
"106","1463.2",44.614,5.69,7.119,5.69,10.097,9.4229,9.391,8.16285714285714,2.419,1.82,2.67857142857143,102.714285714286,132.142857142857,13.4285714285714,1,0.602843717117485,0.776810718704312,0.568058925120894,0.105204919036761
"107","1463.2",9.991,3.772,1.528,1.146,1.431,1.373,0.693,1.528,0.699,-0.155,-0.835,111.3,150,14.7,8.4,0.377149728764603,0.415202494368445,0.613276544698234,0.11995382879008
"108","1463.2",16.6835294117647,1.20352941176471,1.56411764705882,0.999411764705882,4.36941176470588,2.11352941176471,1.92058823529412,1.26823529411765,0.603529411764706,0.845294117647059,0.652352941176471,111,163.235294117647,1,41.8235294117647,0.620293028513834,0.913138320418294,0.89275890925642,0.417123902424128
"109","1463.2",11.24,2.65214285714286,0.378571428571429,1.03642857142857,0.909285714285714,NA,NA,0,0,NA,NA,437.142857142857,157.142857142857,9,15.4285714285714,0.517491848631665,0.826749871796964,0.829378396439889,0.297008099781981
"110","1463.2",23.8642857142857,7.94285714285714,14.3842857142857,4.46142857142857,14.8171428571429,14.3357142857143,13.5085714285714,12.2357142857143,3.13428571428571,2.1,1.27285714285714,129.285714285714,130.714285714286,NA,NA,0.434206685401383,0.784172419933457,0.567021442180285,0.101398702586525
"111","1463.2",23.1285714285714,1.80428571428571,13.4371428571429,1.80428571428571,13.4371428571429,10.62,8.25142857142857,4.20857142857143,0.725714285714286,6.41142857142857,4.04285714285714,208.571428571429,177.142857142857,1,60.4285714285714,0.416554111562148,0.268048994873827,0.346743679802329,0.0475779903609647
"112","1463.2",21.6318,NA,16.884,3.26,16.659,15.5,15.633,12.508,1.382,2.992,3.125,341.7,147,9.9,1,0.617885288585064,0.852343305364429,0.853456817240039,0.337020987031311
"113","1463.2",14.5971428571429,3.48285714285714,0.535714285714286,0.89,1.48,0.487142857142857,0.664285714285714,0.535714285714286,3.48285714285714,-0.0485714285714286,0.128571428571429,129.142857142857,140,6.57142857142857,3.85714285714286,0.586058080468147,0.849044888958673,0.861496669104222,0.346533514738881
"114","1463.2",34.5642857142857,25.7414285714286,9.47571428571429,6.79428571428571,13.4757142857143,9.21285714285714,8.64142857142857,0,0,9.21285714285714,8.64142857142857,278.571428571429,158.571428571429,1.85714285714286,1,0.914523140518616,0.769977070585301,0.835188823868493,0.303892338948749
"115","1463.2",31.12,1.85235294117647,13.3388235294118,1.85235294117647,13.9364705882353,11.6705882352941,9.47705882352941,4.52588235294118,0.739411764705882,7.14470588235294,4.95117647058824,256.705882352941,168.235294117647,1.05882352941176,28.4705882352941,0.64766322789662,0.444315558998174,0.767058614400852,0.226734499438386
"116","1463.2",31.353,0.95,2.997,0.393,3.005,3.082,2.933,2.367,0.566,0.715,0.566,211.8,164,1.3,33.6,0.560906434818251,0.891969981481666,0.88601650988542,0.397867730647614
"117","1463.2",22.8685714285714,11.7228571428571,13.3042857142857,8.98142857142857,13.4571428571429,13.21,12.1128571428571,7.74428571428571,3.46571428571429,5.46571428571429,4.36857142857143,121.428571428571,127.857142857143,2.14285714285714,1.28571428571429,0.189492331673544,0.268450719766657,0.828376303994501,0.292030523178314
"118","1463.2",16.9371428571429,7.75857142857143,3.21142857142857,2.6,3.04857142857143,2.95857142857143,2.33285714285714,3.21142857142857,0.608571428571429,-0.252857142857143,-0.878571428571429,176.142857142857,147.857142857143,1.71428571428571,3.71428571428571,0.525446707897294,0.907933762956599,0.849895174328601,0.327465481123663
"119","1463.2",18.54,18.54,7.07285714285714,7.96714285714286,9.42285714285714,6.49857142857143,7.8,0,0,6.49857142857143,7.8,197.428571428571,172.857142857143,1,1,0.45533298545942,0.794879953287069,0.820377750169388,0.336645632957912
"120","1463.2",13.7442857142857,1.14571428571429,6.78285714285714,1.14571428571429,6.78285714285714,6.55142857142857,5.30285714285714,2.28857142857143,0.487142857142857,4.26285714285714,3.01428571428571,167,157.142857142857,1,27.7142857142857,0.440823148497902,0.464489138403805,0.828855698380247,0.292365594790606
"121","1463.2",37.077,2.848,1.313,1.0635,1.353,1.039,NA,0,0,NA,NA,371.1,157,10.4,25.1,0.4356300662107,0.808570791124698,0.833584539873667,0.299980996608617
"122","1463.2",13.0614285714286,2.75857142857143,3.14571428571429,1.13714285714286,2.16571428571429,5.11571428571429,9.05142857142857,3.14571428571429,0.574285714285714,1.97,5.90571428571429,316.285714285714,168.571428571429,1,8.71428571428571,0.529171561421714,0.556904715955204,0.533787445003778,0.091930798551423
"123","1463.2",23.3128571428571,3.24,2.969,0.861428571428571,3.01614285714286,7.28285714285714,12.43,2.59757142857143,0.828571428571429,4.68528571428571,9.83242857142857,353.857142857143,170.714285714286,1.14285714285714,87.1428571428571,0.397224939112248,0.747439731509476,0.702335657620372,0.175784822673073
"124","1463.2",17.754,17.754,0.039,8.902,7.835,2.377,3.843,0,0,2.377,3.843,103,161,2.5,1,0.225486402658247,0.241377588375508,0.836316231185275,0.302996999903584
"125","1463.2",7.701,7.701,1.454,3.531,3.424,2.319,2.163,0,0,2.319,2.163,66.5357142857143,142.142857142857,1.17857142857143,1,0.843392149523968,0.673737316755617,0.819620236071414,0.291693909253124
"126","1463.2",20.646,3.9024,10.35,3.101,10.496,9.976,9.819,7.02,2.5721,2.956,2.799,89.1,131.5,2.7,1,0.407407303619126,0.617389633636368,0.366957340148455,0.0493276214872675
"127","1463.2",14.519,14.519,6.102,6.394,7.621,3.059,4.093,0,0,3.059,4.093,339.833333333333,153,2.11111111111111,1,0.665065572137008,0.405669768315754,0.784538500377099,0.256016702136667
"128","1463.2",19.017,19.017,11.658,10.645,12.514,6.093,7.357,0,0,6.093,7.357,160.9,167.5,1.4,1,0.726858686955171,0.38941177295593,0.742266488836204,0.197971149648706
"129","1463.2",15.55,15.55,5.43,6.82285714285714,8.69428571428571,3.95,4.65714285714286,0,0,3.95,4.65714285714286,216.285714285714,159.285714285714,1,1,0.748922211124517,0.488113400201488,0.845859964199405,0.317343030576043
"130","1463.2",22.941,2.532,14.381,2.532,14.381,10.716,8.565,4.481,0.356,6.235,4.084,240.8,166.5,1.6,21.2,0.685282604707861,0.460563999393379,0.73787379555272,0.197444580725866
"131","1463.2",42.266,0.836,14.871,2.106,14.871,11.462,9.012,3.926,0.575,7.536,5.086,178.9,161,1,52.1428571428571,0.852324403646432,0.637683464111739,0.820118698493784,0.280740958749219
"132","1463.2",15.5952941176471,4.00470588235294,5.91058823529412,1.85941176470588,5.85588235294118,5.57529411764706,5.49705882352941,4.36,1.38,1.21529411764706,1.13705882352941,80.5294117647059,135.882352941176,6.94117647058824,1,0.497992443654173,0.809519960837232,0.676050026954307,0.153101474421887
"133","1463.2",17.0452941176471,5.18117647058824,7.31529411764706,3.20764705882353,8.17588235294118,5.26823529411765,5.71764705882353,4.58588235294118,1.08058823529412,0.682352941176471,1.13176470588235,123.529411764706,156.941176470588,1,14.6470588235294,0.284999694057795,0.695530471999095,0.705955649892465,0.181051720576497
"134","1463.2",4.59,4.59,3.88857142857143,4.59,3.88857142857143,4.37285714285714,3.10285714285714,3.88857142857143,1.88142857142857,0.484285714285714,-0.785714285714286,137.142857142857,20,1,1,0.305604354942316,0.413764990136731,0.396614306025431,0.0548757705709337
"135","1463.2",10.835,10.3664285714286,2.34357142857143,5.51071428571429,4.62357142857143,6.15,5.20357142857143,1.6,1.36214285714286,4.55,3.60357142857143,178,140.714285714286,1.5,1.64285714285714,0.755995025324453,0.842374073227329,0.637414223740742,0.13183122327781
"136","1463.3",42.1814285714286,1.31571428571429,2.74,0.398571428571429,2.53142857142857,2.73285714285714,2.64428571428571,2.05571428571429,0.51,0.677142857142857,0.588571428571429,294.375,177.5,4.42857142857143,48.8571428571429,0.359595428746049,0.785650107189618,0.760350465640386,0.216613731901564
"137","1463.3",12.1242857142857,2.01857142857143,16.8185714285714,0.445714285714286,14.1525714285714,16.9442857142857,14.2671428571429,11.4142857142857,0.549,5.53,2.85285714285714,814.142857142857,155,1,3.14285714285714,0.244954652740792,0.593761625228433,0.440606014729292,0.0677557402952354
"138","1463.3",60.6885714285714,1.57428571428571,10.57,0.234285714285714,11.5414285714286,14.0442857142857,12.4814285714286,10.57,1.04,3.47428571428571,1.91142857142857,54.8571428571429,159.285714285714,1,270.285714285714,0.205402432931778,0.697271398775374,0.687782742805288,0.159728886026943
"139","1463.3",11.24,2.65214285714286,0.378571428571429,1.03642857142857,0.909285714285714,NA,NA,0,0,NA,NA,437.142857142857,157.142857142857,9,15.4285714285714,0.517491848631665,0.826749871796964,0.829378396439889,0.297008099781981
"140","1463.3",34.5642857142857,25.7414285714286,9.47571428571429,6.79428571428571,13.4757142857143,9.21285714285714,8.64142857142857,0,0,9.21285714285714,8.64142857142857,278.571428571429,158.571428571429,1.85714285714286,1,0.914523140518616,0.769977070585301,0.835188823868493,0.303892338948749
"141","1463.3",31.12,1.85235294117647,13.3388235294118,1.85235294117647,13.9364705882353,11.6705882352941,9.47705882352941,4.52588235294118,0.739411764705882,7.14470588235294,4.95117647058824,256.705882352941,168.235294117647,1.05882352941176,28.4705882352941,0.64766322789662,0.444315558998174,0.767058614400852,0.226734499438386
"142","1463.3",31.353,0.95,2.997,0.393,3.005,3.082,2.933,2.367,0.566,0.715,0.566,211.8,164,1.3,33.6,0.560906434818251,0.891969981481666,0.88601650988542,0.397867730647614
"143","1463.3",37.077,2.848,1.313,1.0635,1.353,1.039,NA,0,0,NA,NA,371.1,157,10.4,25.1,0.4356300662107,0.808570791124698,0.833584539873667,0.299980996608617
"144","1463.3",13.0614285714286,2.75857142857143,3.14571428571429,1.13714285714286,2.16571428571429,5.11571428571429,9.05142857142857,3.14571428571429,0.574285714285714,1.97,5.90571428571429,316.285714285714,168.571428571429,1,8.71428571428571,0.529171561421714,0.556904715955204,0.533787445003778,0.091930798551423
"145","1463.3",7.701,7.701,1.454,3.531,3.424,2.319,2.163,0,0,2.319,2.163,66.5357142857143,142.142857142857,1.17857142857143,1,0.843392149523968,0.673737316755617,0.819620236071414,0.291693909253124
"146","1463.3",14.519,14.519,6.102,6.394,7.621,3.059,4.093,0,0,3.059,4.093,339.833333333333,153,2.11111111111111,1,0.665065572137008,0.405669768315754,0.784538500377099,0.256016702136667
"147","1463.3",25.6928571428571,3.60285714285714,7.69285714285714,1.81857142857143,8.04714285714286,7.87057142857143,7.11142857142857,5.38857142857143,1.20857142857143,2.482,1.72285714285714,243.857142857143,161.428571428571,1,52.7142857142857,0.494825116344595,0.795361010677811,0.680316020485844,0.154401820453874
"148","1463.3",22.941,2.532,14.381,2.532,14.381,10.716,8.565,4.481,0.356,6.235,4.084,240.8,166.5,1.6,21.2,0.685282604707861,0.460563999393379,0.73787379555272,0.197444580725866
"149","1463.3",22.412,3.658,11.815,2.354,12.652,11.484,11.279,8.377,1.403,3.107,2.902,163.25,136.875,1,37,0.277346797529254,0.742587823797142,0.668673960782443,0.147082760699231
"150","1632.1",42.1814285714286,1.31571428571429,2.74,0.398571428571429,2.53142857142857,2.73285714285714,2.64428571428571,2.05571428571429,0.51,0.677142857142857,0.588571428571429,353.428571428571,180,4.42857142857143,48.8571428571429,0.54612562294897,0.876830813465241,0.850868219985488,0.327440746044406
"151","1632.1",26.1428571428571,1.08857142857143,17.1128571428571,0.191428571428571,16.9542857142857,14.4771428571429,12.3,7.00142857142857,0.645714285714286,7.47571428571429,5.29857142857143,171.714285714286,144.285714285714,1,26.8571428571429,0.300774913828109,0.275426429931105,0.678007260954353,0.156608540043411
"152","1632.1",16.9371428571429,7.75857142857143,3.21142857142857,2.6,3.04857142857143,2.95857142857143,2.33285714285714,3.21142857142857,0.608571428571429,-0.6375,-0.53,210,131.25,3.5,3.25,0.525446707897294,0.907933762956599,0.849895174328601,0.327465481123663
"153","1632.1",15.6528571428571,15.6528571428571,3.89285714285714,7.47571428571429,6.90285714285714,2.70285714285714,4.39428571428571,0,0,2.70285714285714,4.39428571428571,92.1428571428571,148.571428571429,1.28571428571429,1.28571428571429,0.0671153089639124,0.10238053017725,0.76504784803268,0.220269473359015
"154","1632.1",7.701,7.701,1.454,3.531,3.424,2.319,2.163,0,0,2.319,2.163,39,163.5,1.1,1.1,0.479095520593797,0.373503937463678,0.679179518964928,0.181032637409798
"155","1632.1",14.519,14.519,6.102,6.394,7.621,3.059,4.093,0,0,3.059,4.093,492.1,169.5,3.4,1,0.459692158379386,0.208836050613339,0.695551712325097,0.166495834231579
"156","1632.1",19.017,19.017,11.658,10.645,12.514,6.093,7.357,0,0,6.093,7.357,192.9,153.5,1,1.2,0.854322898860209,0.593322889266847,0.814011432413694,0.289247568041066
"157","1632.1",147.112941176471,1.73352941176471,0.777647058823529,0.835882352941177,1.56529411764706,1.5,NA,0,0,NA,NA,429.235294117647,143.529411764706,4.35294117647059,28.8823529411765,0.399041987709376,0.461115948366387,0.355744405066179,0.0467847534683339
"158","1632.1",25,1.40285714285714,11.0357142857143,0.304285714285714,11.0357142857143,8.46857142857143,7.51857142857143,3.83285714285714,0.555714285714286,4.63571428571429,3.68571428571429,172,180,1.14285714285714,19.4285714285714,0.341610004778824,0.305312110129299,0.571069797460159,0.106714286029456
"159","1632.1",22.412,3.658,11.815,2.354,12.652,11.484,11.279,8.377,1.403,3.107,2.902,146,180,1,37,0.277346797529254,0.742587823797142,0.668673960782443,0.147082760699231
"160","1632.1",17.126,4.891,7.193,3.091,7.843,4.66,5.39,5.319,1.297,-0.659,0.071,120.1,180,1,22.2,0.467116619117147,0.714296817963262,0.726853584810528,0.192271876158714
"161","1632.1",21.389,6.70857142857143,0.751428571428571,4.20714285714286,3.85857142857143,3.60571428571429,3.46857142857143,1.52,1.04285714285714,2.08571428571429,1.94857142857143,103.9,138.5,3.4,1.1,0.35039830068771,0.746931994078411,0.554719934666967,0.0990192186478722
"162","1632.2",42.1814285714286,1.31571428571429,2.74,0.398571428571429,2.53142857142857,2.73285714285714,2.64428571428571,2.05571428571429,0.51,0.677142857142857,0.588571428571429,353.428571428571,180,4.42857142857143,48.8571428571429,0.54612562294897,0.876830813465241,0.850868219985488,0.327440746044406
"163","1632.2",15.1357142857143,15.3314285714286,16.8514285714286,6.80571428571429,16.8957142857143,14.3285714285714,5.42142857142857,12.9757142857143,8.41428571428571,1.35285714285714,-7.55428571428571,180.571428571429,99.2857142857143,1.42857142857143,1,0.608749201500782,0.830112300875761,0.732154585017704,0.230212737981553
"164","1632.2",18.765,8.302,8.949,3.496,9.785,7.456,8.149,5.716,1.248,1.74,2.433,85.5,111,3.5,3.7,0.291999420416824,0.674430085584725,0.821179670883536,0.291341564816584
"165","1632.2",15.0157142857143,2.25857142857143,9.84285714285714,0.66,10.0857142857143,12.7242857142857,10.4171428571429,7.57428571428571,1.26428571428571,5.15,2.84285714285714,250.285714285714,164.285714285714,1,27.4285714285714,0.647203493032008,0.844309450592556,0.791245871288232,0.242951903714938
"166","1632.2",26.1428571428571,1.08857142857143,17.1128571428571,0.191428571428571,16.9542857142857,14.4771428571429,12.3,7.00142857142857,0.645714285714286,7.47571428571429,5.29857142857143,171.714285714286,144.285714285714,1,26.8571428571429,0.300774913828109,0.275426429931105,0.678007260954353,0.156608540043411
"167","1632.2",16.9371428571429,7.75857142857143,3.21142857142857,2.6,3.04857142857143,2.95857142857143,2.33285714285714,3.21142857142857,0.608571428571429,-0.6375,-0.53,210,131.25,3.5,3.25,0.525446707897294,0.907933762956599,0.849895174328601,0.327465481123663
"168","1632.2",15.6528571428571,15.6528571428571,3.89285714285714,7.47571428571429,6.90285714285714,2.70285714285714,4.39428571428571,0,0,2.70285714285714,4.39428571428571,92.1428571428571,148.571428571429,1.28571428571429,1.28571428571429,0.0671153089639124,0.10238053017725,0.76504784803268,0.220269473359015
"169","1632.2",7.701,7.701,1.454,3.531,3.424,2.319,2.163,0,0,2.319,2.163,39,163.5,1.1,1.1,0.479095520593797,0.373503937463678,0.679179518964928,0.181032637409798
"170","1632.2",14.519,14.519,6.102,6.394,7.621,3.059,4.093,0,0,3.059,4.093,492.1,169.5,3.4,1,0.459692158379386,0.208836050613339,0.695551712325097,0.166495834231579
"171","1632.2",19.017,19.017,11.658,10.645,12.514,6.093,7.357,0,0,6.093,7.357,192.9,153.5,1,1.2,0.854322898860209,0.593322889266847,0.814011432413694,0.289247568041066
"172","1632.2",25,1.40285714285714,11.0357142857143,0.304285714285714,11.0357142857143,8.46857142857143,7.51857142857143,3.83285714285714,0.555714285714286,4.63571428571429,3.68571428571429,172,180,1.14285714285714,19.4285714285714,0.341610004778824,0.305312110129299,0.571069797460159,0.106714286029456
"173","1632.2",14.034,4.302,6.165,1.901,5.693,5.796,6.504,4.333,1.346,1.463,2.171,66.4,148,6.5,1.8,0.497992443654173,0.809519960837232,0.676050026954307,0.153101474421887
"174","1632.2",22.412,3.658,11.815,2.354,12.652,11.484,11.279,8.377,1.403,3.107,2.902,146,180,1,37,0.277346797529254,0.742587823797142,0.668673960782443,0.147082760699231
"175","1632.2",17.126,4.891,7.193,3.091,7.843,4.66,5.39,5.319,1.297,-0.659,0.071,120.1,180,1,22.2,0.467116619117147,0.714296817963262,0.726853584810528,0.192271876158714
"176","1632.2",9.26714285714286,5.10571428571429,4.23142857142857,2.47857142857143,4.58428571428571,3.15428571428571,3.50571428571429,2.49571428571429,2.41285714285714,0.658571428571429,1.01,59.7142857142857,148.571428571429,1,3.14285714285714,0.34104788495982,0.728433933513243,0.499091135887142,0.0788462150189829
"177","1632.2",21.389,6.70857142857143,0.751428571428571,4.20714285714286,3.85857142857143,3.60571428571429,3.46857142857143,1.52,1.04285714285714,2.08571428571429,1.94857142857143,103.9,138.5,3.4,1.1,0.35039830068771,0.746931994078411,0.554719934666967,0.0990192186478722
"178","1632.3",42.1814285714286,1.31571428571429,2.74,0.398571428571429,2.53142857142857,2.73285714285714,2.64428571428571,2.05571428571429,0.51,0.677142857142857,0.588571428571429,353.428571428571,180,4.42857142857143,48.8571428571429,0.54612562294897,0.876830813465241,0.850868219985488,0.327440746044406
"179","1632.3",15.1357142857143,15.3314285714286,16.8514285714286,6.80571428571429,16.8957142857143,14.3285714285714,5.42142857142857,12.9757142857143,8.41428571428571,1.35285714285714,-7.55428571428571,180.571428571429,99.2857142857143,1.42857142857143,1,0.608749201500782,0.830112300875761,0.732154585017704,0.230212737981553
"180","1632.3",18.765,8.302,8.949,3.496,9.785,7.456,8.149,5.716,1.248,1.74,2.433,85.5,111,3.5,3.7,0.291999420416824,0.674430085584725,0.821179670883536,0.291341564816584
"181","1632.3",14.8914285714286,0.804285714285714,8.17428571428571,0.227142857142857,7.85285714285714,7.39,5.56142857142857,2.88142857142857,0.44,4.50857142857143,2.68,174.571428571429,170,1,26.7142857142857,0.290707032904586,0.296764853941033,0.68745021446836,0.162672456691623
"182","1632.3",15.0157142857143,2.25857142857143,9.84285714285714,0.66,10.0857142857143,12.7242857142857,10.4171428571429,7.57428571428571,1.26428571428571,5.15,2.84285714285714,250.285714285714,164.285714285714,1,27.4285714285714,0.647203493032008,0.844309450592556,0.791245871288232,0.242951903714938
"183","1632.3",19.79,16.2,7.92571428571429,4.16428571428571,9.45285714285714,8.12,9.45,0,0,8.12,9.45,285.857142857143,167.857142857143,2.28571428571429,1,0.835383937858197,0.622895612087321,0.733142845029878,0.196991497873366
"184","1632.3",26.1428571428571,1.08857142857143,17.1128571428571,0.191428571428571,16.9542857142857,14.4771428571429,12.3,7.00142857142857,0.645714285714286,7.47571428571429,5.29857142857143,171.714285714286,144.285714285714,1,26.8571428571429,0.300774913828109,0.275426429931105,0.678007260954353,0.156608540043411
"185","1632.3",44.2385714285714,0.948571428571429,1.78,0.405714285714286,1.79428571428571,1.46714285714286,1.53285714285714,1.25,0.434285714285714,0.217142857142857,0.282857142857143,371.857142857143,177.857142857143,1,114.714285714286,0.460905637915925,0.844177150002982,0.830763190151453,0.293253791723062
"186","1632.3",15.6528571428571,15.6528571428571,3.89285714285714,7.47571428571429,6.90285714285714,2.70285714285714,4.39428571428571,0,0,2.70285714285714,4.39428571428571,92.1428571428571,148.571428571429,1.28571428571429,1.28571428571429,0.0671153089639124,0.10238053017725,0.76504784803268,0.220269473359015
"187","1632.3",7.701,7.701,1.454,3.531,3.424,2.319,2.163,0,0,2.319,2.163,39,163.5,1.1,1.1,0.479095520593797,0.373503937463678,0.679179518964928,0.181032637409798
"188","1632.3",14.519,14.519,6.102,6.394,7.621,3.059,4.093,0,0,3.059,4.093,492.1,169.5,3.4,1,0.459692158379386,0.208836050613339,0.695551712325097,0.166495834231579
"189","1632.3",19.017,19.017,11.658,10.645,12.514,6.093,7.357,0,0,6.093,7.357,192.9,153.5,1,1.2,0.854322898860209,0.593322889266847,0.814011432413694,0.289247568041066
"190","1632.3",9.51285714285714,9.51285714285714,5.22714285714286,2.10428571428571,5.99571428571429,3.43428571428571,4.82571428571429,0,0,3.43428571428571,4.82571428571429,357.428571428571,146.428571428571,3.57142857142857,1,0.45918854989558,0.812829314343928,0.793165989574888,0.251065534451669
"191","1632.3",25,1.40285714285714,11.0357142857143,0.304285714285714,11.0357142857143,8.46857142857143,7.51857142857143,3.83285714285714,0.555714285714286,4.63571428571429,3.68571428571429,172,180,1.14285714285714,19.4285714285714,0.341610004778824,0.305312110129299,0.571069797460159,0.106714286029456
"192","1632.3",NA,NA,NA,NA,NA,NA,NA,NA,NA,NA,NA,NA,NA,NA,NA,0.549019151646856,0.780452429640284,0.644526261310341,0.187774628452088
"193","1632.3",14.034,4.302,6.165,1.901,5.693,5.796,6.504,4.333,1.346,1.463,2.171,66.4,148,6.5,1.8,0.497992443654173,0.809519960837232,0.676050026954307,0.153101474421887
"194","1632.3",22.412,3.658,11.815,2.354,12.652,11.484,11.279,8.377,1.403,3.107,2.902,146,180,1,37,0.277346797529254,0.742587823797142,0.668673960782443,0.147082760699231
"195","1632.3",17.126,4.891,7.193,3.091,7.843,4.66,5.39,5.319,1.297,-0.659,0.071,120.1,180,1,22.2,0.467116619117147,0.714296817963262,0.726853584810528,0.192271876158714
"196","1632.3",30.1514285714286,30.1528571428571,16.1985714285714,19.1,19.12,7.97428571428571,10.4485714285714,30.1528571428571,30.1514285714286,-22.1785714285714,-19.7042857142857,331.428571428571,157.857142857143,1,1,0.0468989898637382,0.309582532787652,0.695093341215458,0.161997424231284
"197","1860.1",35.1442857142857,1.49142857142857,1.43428571428571,0.491428571428571,1.65428571428571,2.09428571428571,1.81285714285714,1.09714285714286,0.84,0.997142857142857,0.715714285714286,253.142857142857,177.857142857143,5.85714285714286,41,0.54612562294897,0.876830813465241,0.850868219985488,0.327440746044406
"198","1860.1",8.42857142857143,3.62857142857143,1.89285714285714,1.09,1.44,1.38714285714286,1.74857142857143,1.89285714285714,0.634285714285714,-0.505714285714286,-0.144285714285714,113.117647058824,163.529411764706,7.70588235294118,5.58823529411765,0.498347709495131,0.488630679094749,0.648690785258754,0.136626540775911
"199","1860.1",29.7688235294118,29.7688235294118,17.0005882352941,11.0870588235294,19.5464705882353,9.67176470588235,11.1329411764706,0,0,9.67176470588235,11.1329411764706,126.529411764706,168.529411764706,1,1,0.642736266677781,0.877547084232953,0.872176492552427,0.373388395565597
"200","1860.1",37.572,3.943,3.526,1.706,3.516,4.794,3.181,1.854,2.524,2.94,1.327,92.8,72.5,1,20.6,0.543870248850796,0.75565091425915,0.6385696752672,0.143308814794745
"201","1860.1",25.1908333333333,2.9525,0.378571428571429,1.08166666666667,1.66833333333333,NA,NA,0,0,NA,NA,NA,NA,NA,NA,0.324457419380692,0.420524275515005,0.474941036873318,0.0740649929140738
"202","1860.1",22.354,2.258,13.37,2.258,13.37,8.804,6.647,3.118,0.619,5.686,3.529,129.5,168,1,19,0.580487625059018,0.402655287020678,0.577477087080203,0.112239451631833
"203","1860.1",25.4814285714286,3.88428571428571,1.58285714285714,1.20714285714286,1.74142857142857,0.467142857142857,1.09714285714286,1.58285714285714,3.88428571428571,-1.11571428571429,-0.485714285714286,101,170,4,6.42857142857143,0.475436954191129,0.746020221878783,0.749950170572043,0.207595246600665
"204","1860.1",31.91,31.91,49.7257142857143,10.0514285714286,52.8671428571429,39.2857142857143,34.7885714285714,45.5414285714286,13.6757142857143,-6.25571428571429,-10.7528571428571,105.714285714286,115.714285714286,1,1,0.595885032614505,0.738300819652918,0.49940789120425,0.0778559748952508
"205","1860.1",27.0529411764706,27.0529411764706,9.99294117647059,13.8094117647059,14.0264705882353,6.97882352941176,7.21705882352941,0,0,6.97882352941176,7.21705882352941,208.823529411765,150.294117647059,1.41176470588235,1,0.770725085264685,0.542871094889117,0.799463095373939,0.258021406261188
"206","1860.1",25.699,2.821,17.581,2.866,17.581,13.408,8.818,5.845,0.591,7.563,2.973,209,172.5,1,40.9,0.289506085569848,0.2940530791794,0.769052603533906,0.223084160566636
"207","1860.1",17.29,2.319,14.473,2.319,14.473,12.969,9.73,3.694,1.742,9.275,6.036,201.5,171.3,1,30.9,0.282733413505199,0.290323341735093,0.631536182077361,0.140370262473594
"208","1860.1",11.8771428571429,6.84285714285714,3.71142857142857,1.84857142857143,4.63571428571429,3.17571428571429,2.80285714285714,2.47428571428571,2.25142857142857,0.701428571428571,0.328571428571429,3.95714285714286,132.142857142857,1,11.1428571428571,0.641116050179868,0.872153357574206,0.826281086878178,0.287745390773096
"209","1860.1",13.555,3.513,3.266,1.782,3.293,3.65,1.75,2.003,1.26,1.647,-0.253,175,111,1,14.8,0.660094034192576,0.891573931673747,0.873928882980354,0.369588775770544
"210","1860.1",17.2928571428571,17.2928571428571,4.25,8.07571428571429,7.28714285714286,2.57857142857143,4.41714285714286,0,0,2.57857142857143,4.41714285714286,46.4285714285714,165.714285714286,1,1,0.446655179890675,0.362513182276194,0.84119773231931,0.30985326055427
"211","1860.1",9.11777777777778,9.11777777777778,0.933333333333333,4.07555555555556,4.12111111111111,2.53111111111111,3.11666666666667,0,0,2.53111111111111,3.11666666666667,37.2222222222222,143.333333333333,1.22222222222222,1,0.744053570413878,0.614998187383524,0.766831043744472,0.245741792350277
"212","1860.1",17.122,17.122,8.91,8.243,9.821,2.841,3.962,0,0,2.841,3.962,344.3,166,2.7,1,0.61362415186742,0.381990731534267,0.793278233649148,0.254300212235714
"213","1860.1",16.8271428571429,16.8271428571429,10.6014285714286,12.5414285714286,10.1842857142857,6.23,4.68,0,0,6.23,4.68,97,167.857142857143,1.28571428571429,1,0.644359061568103,0.300987873878071,0.717216252497487,0.180368913177085
"214","1860.1",38.758,14.104,15.165,5.647,16.263,8.098,9.885,10.284,3.941,-2.186,-0.399,447.5,97.5,1,11.8,0.159306311121065,0.453051450793105,0.60808345515803,0.143712219299633
"215","1860.1",19.758,2.145,12.593,2.145,12.593,8.91,8.087,3.974,0.492,4.936,4.113,143.1,111,1,25.1,0.341610004778824,0.305312110129299,0.571069797460159,0.106714286029456
"216","1860.1",13.4985714285714,10.7214285714286,13.88,10.7214285714286,13.88,9.22428571428572,6.58571428571429,11.9742857142857,6.78,-2.75,-5.38857142857143,83.2857142857143,18.5714285714286,1,1,0.553086471344618,0.760349654275556,0.627755930371326,0.133675386153868
"217","1860.1",20.834,4.17,15.778,3.13,16.12,12.566,12.972,9.943,1.68,2.623,3.029,153,125,1.1,15.9,0.114841003126949,0.638243534593413,0.523489461377469,0.0908422477156322
"218","1860.1",16.21,5.259,7.383,3.563,8.958,4.862,5.288,3.899,1.185,0.963,1.389,85.6,154.5,1,14.1,0.306219434773131,0.746512730659011,0.7566651434214,0.212708567787644
"219","1860.2",8.42857142857143,3.62857142857143,1.89285714285714,1.09,1.44,1.38714285714286,1.74857142857143,1.89285714285714,0.634285714285714,-0.505714285714286,-0.144285714285714,113.117647058824,163.529411764706,7.70588235294118,5.58823529411765,0.498347709495131,0.488630679094749,0.648690785258754,0.136626540775911
"220","1860.2",29.7688235294118,29.7688235294118,17.0005882352941,11.0870588235294,19.5464705882353,9.67176470588235,11.1329411764706,0,0,9.67176470588235,11.1329411764706,126.529411764706,168.529411764706,1,1,0.642736266677781,0.877547084232953,0.872176492552427,0.373388395565597
"221","1860.2",37.572,3.943,3.526,1.706,3.516,4.794,3.181,1.854,2.524,2.94,1.327,92.8,72.5,1,20.6,0.543870248850796,0.75565091425915,0.6385696752672,0.143308814794745
"222","1860.2",24.8171428571429,16.9585714285714,23.4585714285714,6.90285714285714,22.8685714285714,19.8771428571429,11.3342857142857,15.7514285714286,10.61,4.12571428571429,-4.41714285714286,119.428571428571,31.4285714285714,1.28571428571429,1,0.384362417690604,0.769379522490435,0.569115526536087,0.101609295898324
"223","1860.2",19.985,10.866,5.972,4.099,7.253,NA,5.963,0,0,NA,5.963,172,173,1,6.5,0.576808755034781,0.871168517391034,0.85828975711178,0.340469822071727
"224","1860.2",25.1908333333333,2.9525,0.378571428571429,1.08166666666667,1.66833333333333,NA,NA,0,0,NA,NA,NA,NA,NA,NA,0.324457419380692,0.420524275515005,0.474941036873318,0.0740649929140738
"225","1860.2",27.0529411764706,27.0529411764706,9.99294117647059,13.8094117647059,14.0264705882353,6.97882352941176,7.21705882352941,0,0,6.97882352941176,7.21705882352941,208.823529411765,150.294117647059,1.41176470588235,1,0.770725085264685,0.542871094889117,0.799463095373939,0.258021406261188
"226","1860.2",25.699,2.821,17.581,2.866,17.581,13.408,8.818,5.845,0.591,7.563,2.973,209,172.5,1,40.9,0.289506085569848,0.2940530791794,0.769052603533906,0.223084160566636
"227","1860.2",17.29,2.319,14.473,2.319,14.473,12.969,9.73,3.694,1.742,9.275,6.036,201.5,171.3,1,30.9,0.282733413505199,0.290323341735093,0.631536182077361,0.140370262473594
"228","1860.2",17.2928571428571,17.2928571428571,4.25,8.07571428571429,7.28714285714286,2.57857142857143,4.41714285714286,0,0,2.57857142857143,4.41714285714286,46.4285714285714,165.714285714286,1,1,0.446655179890675,0.362513182276194,0.84119773231931,0.30985326055427
"229","1860.2",17.122,17.122,8.91,8.243,9.821,2.841,3.962,0,0,2.841,3.962,344.3,166,2.7,1,0.61362415186742,0.381990731534267,0.793278233649148,0.254300212235714
"230","1860.2",38.758,14.104,15.165,5.647,16.263,8.098,9.885,10.284,3.941,-2.186,-0.399,447.5,97.5,1,11.8,0.159306311121065,0.453051450793105,0.60808345515803,0.143712219299633
"231","1860.2",268,2.546,3.259,1.289,2.77,NA,NA,0,0,NA,NA,850.3,9.5,5,27.6,0.237683917465543,0.247570623834193,0.357971069992569,0.0572565757014056
"232","1860.2",19.758,2.145,12.593,2.145,12.593,8.91,8.087,3.974,0.492,4.936,4.113,143.1,111,1,25.1,0.341610004778824,0.305312110129299,0.571069797460159,0.106714286029456
"233","1860.2",42.233,10.479,2.582,5.46,5.221,5.848,5.568,1.593,0.613,4.255,3.975,177.8,137.5,6.9,2.1,0.686242069567554,0.798901935500719,0.519090291365686,0.0860373643868538
"234","1860.3",35.1442857142857,1.49142857142857,1.43428571428571,0.491428571428571,1.65428571428571,2.09428571428571,1.81285714285714,1.09714285714286,0.84,0.997142857142857,0.715714285714286,253.142857142857,177.857142857143,5.85714285714286,41,0.54612562294897,0.876830813465241,0.850868219985488,0.327440746044406
"235","1860.3",8.42857142857143,3.62857142857143,1.89285714285714,1.09,1.44,1.38714285714286,1.74857142857143,1.89285714285714,0.634285714285714,-0.505714285714286,-0.144285714285714,113.117647058824,163.529411764706,7.70588235294118,5.58823529411765,0.498347709495131,0.488630679094749,0.648690785258754,0.136626540775911
"236","1860.3",18.862,1.429,3.77,0.598,3.77,4.349,3.361,3.248,0.703,1.101,0.113,183.1,169.5,1,24.1,0.572892413700809,0.89036725624992,0.873569295153644,0.370586850298578
"237","1860.3",37.572,3.943,3.526,1.706,3.516,4.794,3.181,1.854,2.524,2.94,1.327,92.8,72.5,1,20.6,0.543870248850796,0.75565091425915,0.6385696752672,0.143308814794745
"238","1860.3",24.8171428571429,16.9585714285714,23.4585714285714,6.90285714285714,22.8685714285714,19.8771428571429,11.3342857142857,15.7514285714286,10.61,4.12571428571429,-4.41714285714286,119.428571428571,31.4285714285714,1.28571428571429,1,0.384362417690604,0.769379522490435,0.569115526536087,0.101609295898324
"239","1860.3",25.1908333333333,2.9525,0.378571428571429,1.08166666666667,1.66833333333333,NA,NA,0,0,NA,NA,NA,NA,NA,NA,0.324457419380692,0.420524275515005,0.474941036873318,0.0740649929140738
"240","1860.3",22.354,2.258,13.37,2.258,13.37,8.804,6.647,3.118,0.619,5.686,3.529,129.5,168,1,19,0.580487625059018,0.402655287020678,0.577477087080203,0.112239451631833
"241","1860.3",25.4814285714286,3.88428571428571,1.58285714285714,1.20714285714286,1.74142857142857,0.467142857142857,1.09714285714286,1.58285714285714,3.88428571428571,-1.11571428571429,-0.485714285714286,101,170,4,6.42857142857143,0.475436954191129,0.746020221878783,0.749950170572043,0.207595246600665
"242","1860.3",27.0529411764706,27.0529411764706,9.99294117647059,13.8094117647059,14.0264705882353,6.97882352941176,7.21705882352941,0,0,6.97882352941176,7.21705882352941,208.823529411765,150.294117647059,1.41176470588235,1,0.770725085264685,0.542871094889117,0.799463095373939,0.258021406261188
"243","1860.3",17.29,2.319,14.473,2.319,14.473,12.969,9.73,3.694,1.742,9.275,6.036,201.5,171.3,1,30.9,0.282733413505199,0.290323341735093,0.631536182077361,0.140370262473594
"244","1860.3",13.555,3.513,3.266,1.782,3.293,3.65,1.75,2.003,1.26,1.647,-0.253,175,111,1,14.8,0.660094034192576,0.891573931673747,0.873928882980354,0.369588775770544
"245","1860.3",17.2928571428571,17.2928571428571,4.25,8.07571428571429,7.28714285714286,2.57857142857143,4.41714285714286,0,0,2.57857142857143,4.41714285714286,46.4285714285714,165.714285714286,1,1,0.446655179890675,0.362513182276194,0.84119773231931,0.30985326055427
"246","1860.3",21.3428571428571,21.3428571428571,20.8171428571429,10.4428571428571,21.3828571428571,3.37142857142857,5.75857142857143,10.6542857142857,1.64285714285714,-7.28285714285714,-4.89571428571429,7.85714285714286,118.571428571429,1,1,0.514338245152019,0.804173555487595,0.634760732566259,0.128631714209835
"247","1860.3",17.122,17.122,8.91,8.243,9.821,2.841,3.962,0,0,2.841,3.962,344.3,166,2.7,1,0.61362415186742,0.381990731534267,0.793278233649148,0.254300212235714
"248","1860.3",16.8271428571429,16.8271428571429,10.6014285714286,12.5414285714286,10.1842857142857,6.23,4.68,0,0,6.23,4.68,97,167.857142857143,1.28571428571429,1,0.644359061568103,0.300987873878071,0.717216252497487,0.180368913177085
"249","1860.3",38.758,14.104,15.165,5.647,16.263,8.098,9.885,10.284,3.941,-2.186,-0.399,447.5,97.5,1,11.8,0.159306311121065,0.453051450793105,0.60808345515803,0.143712219299633
"250","1860.3",183.775,2.681,3.603,1.904,2.538,1.5,NA,0,0,NA,NA,535.15,4.25,4.95,11.6,0.371094726800696,0.427521243542154,0.462533583005608,0.0806153186842218
"251","1860.3",268,2.546,3.259,1.289,2.77,NA,NA,0,0,NA,NA,850.3,9.5,5,27.6,0.237683917465543,0.247570623834193,0.357971069992569,0.0572565757014056
"252","1860.3",39.751,9.087,3.568,1.915,4.609,2.525,2.493,0,0,2.525,2.493,108,155.5,3.3,1,0.544789675036407,0.832612127637547,0.835004340496133,0.304072094610773
"253","1860.3",13.4985714285714,10.7214285714286,13.88,10.7214285714286,13.88,9.22428571428572,6.58571428571429,11.9742857142857,6.78,-2.75,-5.38857142857143,83.2857142857143,18.5714285714286,1,1,0.553086471344618,0.760349654275556,0.627755930371326,0.133675386153868
"254","1860.3",16.21,5.259,7.383,3.563,8.958,4.862,5.288,3.899,1.185,0.963,1.389,85.6,154.5,1,14.1,0.306219434773131,0.746512730659011,0.7566651434214,0.212708567787644
"255","2080.1",16.317,16.317,18.253,7.391,19.599,16.824,6.319,14.464,10.32,2.36,-8.145,152.7,73.5,1,1,0.648792861572816,0.803600226870886,0.549324678003039,0.0978018229255285
"256","2080.1",14.889,3.052,18.014,3.052,18.014,13.571,9.412,5.127,0.485,8.444,4.285,188.8,161.5,1,29.5,0.317956601914164,0.32343861647082,0.777287117194209,0.232995790112499
"257","2080.1",27.734,2.476,14.678,2.476,14.678,10.913,6.951,5.877,1.519,5.036,1.074,233.4,166,1,29.2,0.123079034412985,0.200101791915611,0.504243783863159,0.0957963325727814
"258","2080.1",16.741,3.179,11.13,3.179,11.13,10.871,8.617,11.13,1.945,-0.259,-2.513,139.2,170,1,6.1,0.611075730202067,0.757261359825304,0.562855382614152,0.104032426635315
"259","2080.1",17.122,17.122,8.91,8.243,9.821,2.841,3.962,0,0,2.841,3.962,344.3,166,2.7,1,0.0544634749911131,0.0406560379521962,0.608926642060331,0.134982941151399
"260","2080.1",13.152,5.161,6.444,1.895,7.449,5.98,6.543,5.0794,1.464,0.9006,1.4636,73.8,130.5,5.2,1.1,0.485402229632297,0.685272285645448,0.578622707804821,0.106493617249395
"261","2080.1",23.557,5.265,15.709,3.371,15.709,12.318,11.766,10.22,2.371,2.098,1.546,103.4,148.5,1,20.8,0.126302025964888,0.0384011897809111,0.21475847841971,0.0246903125842308
"262","2080.2",8.42857142857143,3.62857142857143,1.89285714285714,1.09,1.44,1.38714285714286,1.74857142857143,1.89285714285714,0.634285714285714,-0.505714285714286,-0.144285714285714,47.8571428571429,147.142857142857,2,2.57142857142857,0.325741540008526,0.402958384203292,0.656059982952519,0.140065542928921
"263","2080.2",29.6123529411765,29.6123529411765,19.4676470588235,11.1264705882353,21.7541176470588,10.3194117647059,10.8282352941176,0,0,10.3194117647059,10.8282352941176,129.823529411765,163.529411764706,1,1,0.64154420629772,0.866324538652832,0.858953148481453,0.347181831086669
"264","2080.2",30.6585714285714,30.6585714285714,11.2657142857143,11.79,16.5271428571429,7.47,9.99857142857143,0,0,7.47,9.99857142857143,149.428571428571,158.571428571429,2.85714285714286,1,0.558844350651618,0.482376073826709,0.803338899582476,0.257264713878537
"265","2080.2",16.317,16.317,18.253,7.391,19.599,16.824,6.319,14.464,10.32,2.36,-8.145,152.7,73.5,1,1,0.648792861572816,0.803600226870886,0.549324678003039,0.0978018229255285
"266","2080.2",33.058,2.16,16.404,2.16,16.404,10.422,8.364,5.387,1.374,5.035,2.977,201.2,168,1,46.7,0.333246137408608,0.148179199395841,0.17637242028591,0.021294947135614
"267","2080.2",34.0442857142857,34.0442857142857,46.27,10.0514285714286,52.8914285714286,39.7185714285714,34.9314285714286,42.9057142857143,19.9357142857143,-3.18714285714286,-7.97428571428571,74.4285714285714,118.571428571429,1,1,0.559566934432621,0.722541592589698,0.487128740096046,0.0756478456590026
"268","2080.2",24.6442857142857,24.6442857142857,10.8142857142857,13.4714285714286,12.2657142857143,6.31714285714286,8.30571428571429,0,0,6.31714285714286,8.30571428571429,136.142857142857,140,1,1,0.813808958741889,0.605170330298874,0.805164967830884,0.260294613397456
"269","2080.2",14.889,3.052,18.014,3.052,18.014,13.571,9.412,5.127,0.485,8.444,4.285,188.8,161.5,1,29.5,0.317956601914164,0.32343861647082,0.777287117194209,0.232995790112499
"270","2080.2",15.9571428571429,2.82142857142857,7.84285714285714,0.72,9.01285714285714,12.0628571428571,9.57428571428571,6.74571428571429,1.15,5.31714285714286,2.82857142857143,144.714285714286,162.857142857143,1,4,0.647203493032008,0.844309450592556,0.791245871288232,0.242951903714938
"271","2080.2",27.734,2.476,14.678,2.476,14.678,10.913,6.951,5.877,1.519,5.036,1.074,233.4,166,1,29.2,0.123079034412985,0.200101791915611,0.504243783863159,0.0957963325727814
"272","2080.2",16.741,3.179,11.13,3.179,11.13,10.871,8.617,11.13,1.945,-0.259,-2.513,139.2,170,1,6.1,0.611075730202067,0.757261359825304,0.562855382614152,0.104032426635315
"273","2080.2",15.7557142857143,15.7557142857143,5.18,8.05571428571429,7.12571428571429,2.38857142857143,4.32142857142857,0,0,2.38857142857143,4.32142857142857,62.5714285714286,149.285714285714,1,1,0.494183492713236,0.414977392982276,0.84669217245105,0.319264913338974
"274","2080.2",9.9,9.9,4.79,4.78,3.99,2.64,3.81,0,0,2.64,3.81,75,95,1,1,0.926203846902788,0.763948487111015,0.839646502713355,0.306432442153845
"275","2080.2",17.122,17.122,8.91,8.243,9.821,2.841,3.962,0,0,2.841,3.962,344.3,166,2.7,1,0.0544634749911131,0.0406560379521962,0.608926642060331,0.134982941151399
"276","2080.2",18.7957142857143,18.7957142857143,10.5557142857143,10.6771428571429,12.1514285714286,4.33,5.80428571428571,0,0,4.33,5.80428571428571,101.571428571429,166.428571428571,1,1,0.727524403155211,0.438058376135208,0.781230385412638,0.23336553758785
"277","2080.2",13.152,5.161,6.444,1.895,7.449,5.98,6.543,5.0794,1.464,0.9006,1.4636,73.8,130.5,5.2,1.1,0.485402229632297,0.685272285645448,0.578622707804821,0.106493617249395
"278","2080.2",11.47,11.47,5.02,4.84571428571429,9.64285714285714,4.18,3.72142857142857,5.02,2.46571428571429,-0.84,-1.29857142857143,51.5714285714286,25,1.28571428571429,1,0.847166967004088,0.643774608569839,0.812544486393019,0.271944933300227
"279","2080.3",8.42857142857143,3.62857142857143,1.89285714285714,1.09,1.44,1.38714285714286,1.74857142857143,1.89285714285714,0.634285714285714,-0.505714285714286,-0.144285714285714,47.8571428571429,147.142857142857,2,2.57142857142857,0.325741540008526,0.402958384203292,0.656059982952519,0.140065542928921
"280","2080.3",29.6123529411765,29.6123529411765,19.4676470588235,11.1264705882353,21.7541176470588,10.3194117647059,10.8282352941176,0,0,10.3194117647059,10.8282352941176,129.823529411765,163.529411764706,1,1,0.64154420629772,0.866324538652832,0.858953148481453,0.347181831086669
"281","2080.3",16.317,16.317,18.253,7.391,19.599,16.824,6.319,14.464,10.32,2.36,-8.145,152.7,73.5,1,1,0.648792861572816,0.803600226870886,0.549324678003039,0.0978018229255285
"282","2080.3",34.0442857142857,34.0442857142857,46.27,10.0514285714286,52.8914285714286,39.7185714285714,34.9314285714286,42.9057142857143,19.9357142857143,-3.18714285714286,-7.97428571428571,74.4285714285714,118.571428571429,1,1,0.559566934432621,0.722541592589698,0.487128740096046,0.0756478456590026
"283","2080.3",24.6442857142857,24.6442857142857,10.8142857142857,13.4714285714286,12.2657142857143,6.31714285714286,8.30571428571429,0,0,6.31714285714286,8.30571428571429,136.142857142857,140,1,1,0.813808958741889,0.605170330298874,0.805164967830884,0.260294613397456
"284","2080.3",29.6857142857143,21.5857142857143,7.43,6.40714285714286,12.1314285714286,10.1014285714286,7.79714285714286,0,0,10.1014285714286,7.79714285714286,235.571428571429,169.285714285714,1.28571428571429,1,0.928628517430293,0.796053270503192,0.851859574834946,0.327696569643651
"285","2080.3",27.734,2.476,14.678,2.476,14.678,10.913,6.951,5.877,1.519,5.036,1.074,233.4,166,1,29.2,0.123079034412985,0.200101791915611,0.504243783863159,0.0957963325727814
"286","2080.3",16.741,3.179,11.13,3.179,11.13,10.871,8.617,11.13,1.945,-0.259,-2.513,139.2,170,1,6.1,0.611075730202067,0.757261359825304,0.562855382614152,0.104032426635315
"287","2080.3",9.9,9.9,4.79,4.78,3.99,2.64,3.81,0,0,2.64,3.81,75,95,1,1,0.926203846902788,0.763948487111015,0.839646502713355,0.306432442153845
"288","2080.3",17.122,17.122,8.91,8.243,9.821,2.841,3.962,0,0,2.841,3.962,344.3,166,2.7,1,0.0544634749911131,0.0406560379521962,0.608926642060331,0.134982941151399
"289","2080.3",18.7957142857143,18.7957142857143,10.5557142857143,10.6771428571429,12.1514285714286,4.33,5.80428571428571,0,0,4.33,5.80428571428571,101.571428571429,166.428571428571,1,1,0.727524403155211,0.438058376135208,0.781230385412638,0.23336553758785
"290","2080.3",8.41428571428571,8.41428571428571,7.00142857142857,2.38285714285714,3.99428571428571,7.09142857142857,NA,5.30285714285714,1.70571428571429,1.78857142857143,NA,7.85714285714286,170.714285714286,1,1,0.489682748423481,0.812033511047689,0.6899878115858,0.170523796851691
"291","2080.3",17.993,17.993,18.049,7.491,21.252,14.268,20.377,15.222,3.315,-0.954,5.155,252.3,140,2.6,1,0.486371672189261,0.86627274499739,0.83234434288044,0.300624440248027
"292","2080.3",13.152,5.161,6.444,1.895,7.449,5.98,6.543,5.0794,1.464,0.9006,1.4636,73.8,130.5,5.2,1.1,0.485402229632297,0.685272285645448,0.578622707804821,0.106493617249395
"293","2080.3",16.21,5.259,7.383,3.563,8.958,4.862,5.288,3.899,1.185,0.963,1.389,81.7,171,1,12.1,0.224469553035741,0.671443295743963,0.704066221537325,0.173323457276137
"294","2080.3",5.92857142857143,5.92857142857143,4.57857142857143,5.92857142857143,4.57857142857143,4.78857142857143,2.96571428571429,4.57857142857143,2.05714285714286,0.21,-1.61285714285714,192,6.42857142857143,1.85714285714286,1,0.397147470009805,0.444794279210103,0.414605457631996,0.0607981708074574
"295","2080.3",306.9,14.792,9.927,4.705,9.324,3.062,4.303,9.927,14.792,-6.865,-5.624,763.6,146,7.4,7.7,0.302305823867488,0.263625323258396,0.686449604789624,0.168235460831373
"296","2283.1",39.9142857142857,8.65571428571429,19.3,8.10714285714286,12.2642857142857,6.70571428571429,8.70571428571429,7.59571428571429,7.63428571428571,-0.89,1.11,454.285714285714,85.7142857142857,16,1,NA,NA,NA,NA
"297","2283.1",13.4242857142857,7.13714285714286,4.34,2.64857142857143,5.01857142857143,1.98571428571429,2.43571428571429,3.36142857142857,0.952857142857143,-1.37571428571429,-0.925714285714286,57,175,2.71428571428571,1.42857142857143,0.513228067069208,0.85619425291757,0.843397844428662,0.316688090911331
"298","2283.1",41.6371428571429,20.2728571428571,22.3414285714286,7.65714285714286,23.4728571428571,21.6285714285714,10.6142857142857,16.2842857142857,11.1885714285714,5.34428571428571,-5.67,228.714285714286,19.2857142857143,3.71428571428571,1,0.310163098308137,0.720164646173235,0.518646278328788,0.0846645644753025
"299","2283.1",17.929,18.354,18.032,7.381,18.218,17.366,6.925,14.43,10.595,2.936,-7.505,154.5,73.5,1,1,0.444806974816149,0.628175156957655,0.319734339179483,0.0429681526603167
"300","2283.1",27.0585714285714,3,18.8128571428571,0.598571428571429,18.8371428571429,26.3014285714286,19.4071428571429,14.8171428571429,1.13714285714286,11.4842857142857,4.59,488,147,4.28571428571429,63.4285714285714,0.445854055932246,0.727438303407126,0.759693307583235,0.227441205789771
"301","2283.1",29.7785714285714,1.64571428571429,14.2942857142857,0.261428571428571,14.2942857142857,11.3414285714286,8.98857142857143,3.51428571428571,0.765714285714286,7.82714285714286,5.47428571428571,249,169.285714285714,1.14285714285714,34.5714285714286,0.534683027188191,0.304026327270707,0.497575846321124,0.0815733363377838
"302","2283.1",10.3,3.27428571428571,5.57428571428571,1.32428571428571,6.05142857142857,5.27571428571429,5.76714285714286,3.97142857142857,2.26,1.30428571428571,1.79571428571429,43.7142857142857,147.142857142857,1.28571428571429,1,0.419225233887176,0.621666025826867,0.629253854920618,0.140720569216721
"303","2283.1",10.1914285714286,10.1914285714286,10.3428571428571,4.01142857142857,10.33,6.87714285714286,7.92285714285714,6.34142857142857,6.20142857142857,0.535714285714286,1.58142857142857,91.1428571428571,169.285714285714,1,1,0.253103908803246,0.694264365054526,0.701056664850086,0.178255418434251
"304","2283.1",30.1342857142857,30.1342857142857,48.82,8.52,49.0214285714286,39.1528571428571,35.8685714285714,39.5657142857143,11.4,-0.412857142857143,-3.69714285714286,78.7142857142857,136.428571428571,1,1,0.423123969801422,0.659114354665643,0.390576734261604,0.0523181630337157
"305","2283.1",57.2714285714286,26.1271428571429,27.8385714285714,8.04142857142857,29.8885714285714,26.0285714285714,22.3471428571429,20.7657142857143,7.40428571428571,5.26285714285714,1.58142857142857,NA,NA,NA,NA,NA,NA,NA,NA
"306","2283.1",22.073,22.073,13.088,12.913,11.801,8.714,9.649,0,0,8.714,9.649,136.142857142857,140,1,1,0.863541312949835,0.64447392093243,0.83604846762135,0.301433532827271
"307","2283.1",33.78,2.38,18.921,0.361,18.92,14.966,11.898,6.28,0.803,8.686,5.618,243.6,172.5,1,25.6,0.635670202539896,0.38153607854838,0.768601499460404,0.225864762301397
"308","2283.1",24.4157142857143,3.19571428571429,1.12714285714286,1.01,1.38,0.797142857142857,1.75428571428571,0,0,0.797142857142857,1.75428571428571,211.142857142857,174.285714285714,1.28571428571429,93.7142857142857,NA,NA,NA,NA
"309","2283.1",15.623,8.032,4.363,3.092,3.661,2.155,2.825,3.227,0.819,-1.072,-0.402,152.7,135,2.3,5.1,0.291365902361885,0.728721984111595,0.563805321725614,0.100138954336563
"310","2283.1",21.5628571428571,21.5971428571429,10.3142857142857,8.66857142857143,13.3885714285714,8.23571428571429,7.18285714285714,0,0,8.23571428571429,7.18285714285714,145.142857142857,172.857142857143,1,1,0.520485126949112,0.876906385637587,0.884155046583335,0.393026634654943
"311","2283.1",14.91,14.91,6.05,7.13857142857143,7.40142857142857,2.76142857142857,3.85571428571429,0,0,2.76142857142857,3.85571428571429,145.142857142857,142.142857142857,1,1.85714285714286,0.315815108922304,0.192178663099608,0.760458574472436,0.232388675098979
"312","2283.1",11.9914285714286,11.9914285714286,5.21285714285714,5.65857142857143,5.55,3.47714285714286,3.71285714285714,0,0,3.47714285714286,3.71285714285714,93,160,3.42857142857143,3.42857142857143,0.0859452624732897,0.158390684298682,0.798732788449474,0.254546151509394
"313","2283.1",14.982,14.982,11.56,11.19,13.126,5.296,6.943,0,0,5.296,6.943,115.7,144.5,1,1,0.752825679176435,0.4344571550012,0.771625423403446,0.231800697305872
"314","2283.1",22.091,8.746,16.611,2.092,13.984,14.976,16.448,8.984,1.479,5.992,7.464,157,113,4.9,1.1,0.422492701826556,0.405568372709982,0.706721739001921,0.181454785974723
"315","2283.1",10.48125,2.86125,4.48125,1.43,7.449,5.98,6.543,5.0794,1.464,0.9006,1.4636,73.8,130.5,5.2,1.1,0.788737460753827,0.854112548445456,0.743338097285856,0.21547603279576
"316","2283.1",15.3685714285714,2.41714285714286,7.59714285714286,2.41714285714286,7.56,2.73428571428571,2.52428571428571,5.24285714285714,0.762857142857143,-2.50857142857143,-2.71857142857143,77.2857142857143,170.714285714286,1,29.1428571428571,0.0267616133179808,0.0915581926090445,0.400829540528087,0.0537413766419391
"317","2283.1",28.367,4.459,15.359,2.928,15.664,12.563,12.979,9.197,1.587,3.366,3.782,209.7,177,1,30.8,0.146615572473691,0.600585945451553,0.610152907383897,0.120070703116224
"318","2283.2",31.1428571428571,1.66714285714286,3.23857142857143,0.552857142857143,2.66142857142857,3.26714285714286,2.84,2.35142857142857,0.727142857142857,0.915714285714286,0.488571428571429,177.571428571429,171.428571428571,4.71428571428571,23.7142857142857,0.645181816257974,0.879001242750505,0.855874006059022,0.334611568872841
"319","2283.2",39.9142857142857,8.65571428571429,19.3,8.10714285714286,12.2642857142857,6.70571428571429,8.70571428571429,7.59571428571429,7.63428571428571,-0.89,1.11,454.285714285714,85.7142857142857,16,1,NA,NA,NA,NA
"320","2283.2",39.0685714285714,39.0685714285714,13.2071428571429,13.3657142857143,21.6157142857143,11.4728571428571,10.9271428571429,0,0,11.4728571428571,10.9271428571429,129.823529411765,163.529411764706,1,1,0.479051768579233,0.859709895757875,0.862632452373854,0.351020317444947
"321","2283.2",24.1985714285714,5.61857142857143,16.1871428571429,2.56,13.7171428571429,16.8285714285714,15.2214285714286,13.0042857142857,2.21571428571429,3.82428571428571,2.21714285714286,75.2857142857143,115.714285714286,4.57142857142857,4.57142857142857,0.562762851160196,0.603861604183632,0.421307908375304,0.0664018978923753
"322","2283.2",17.929,18.354,18.032,7.381,18.218,17.366,6.925,14.43,10.595,2.936,-7.505,154.5,73.5,1,1,0.444806974816149,0.628175156957655,0.319734339179483,0.0429681526603167
"323","2283.2",27.0585714285714,3,18.8128571428571,0.598571428571429,18.8371428571429,26.3014285714286,19.4071428571429,14.8171428571429,1.13714285714286,11.4842857142857,4.59,488,147,4.28571428571429,63.4285714285714,0.445854055932246,0.727438303407126,0.759693307583235,0.227441205789771
"324","2283.2",29.7785714285714,1.64571428571429,14.2942857142857,0.261428571428571,14.2942857142857,11.3414285714286,8.98857142857143,3.51428571428571,0.765714285714286,7.82714285714286,5.47428571428571,249,169.285714285714,1.14285714285714,34.5714285714286,0.534683027188191,0.304026327270707,0.497575846321124,0.0815733363377838
"325","2283.2",10.855,10.855,18.053,1.893,20.082,16.709,15.734,17.348,2.821,-0.639,-1.614,86.6,163.5,1,1.1,0.600883072574031,0.687969949752989,0.439431748279261,0.0627600768962269
"326","2283.2",24.0357142857143,24.0357142857143,31.7685714285714,6.32857142857143,32.4705714285714,23.0228571428571,21.5014285714286,25.4628571428571,2.91142857142857,-2.44,-3.96142857142857,52.7142857142857,167.142857142857,1,1,0.587085753111584,0.754011400583782,0.475628609032236,0.0745416533739602
"327","2283.2",57.2714285714286,26.1271428571429,27.8385714285714,8.04142857142857,29.8885714285714,26.0285714285714,22.3471428571429,20.7657142857143,7.40428571428571,5.26285714285714,1.58142857142857,NA,NA,NA,NA,NA,NA,NA,NA
"328","2283.2",22.073,22.073,13.088,12.913,11.801,8.714,9.649,0,0,8.714,9.649,136.142857142857,140,1,1,0.863541312949835,0.64447392093243,0.83604846762135,0.301433532827271
"329","2283.2",33.78,2.38,18.921,0.361,18.92,14.966,11.898,6.28,0.803,8.686,5.618,243.6,172.5,1,25.6,0.635670202539896,0.38153607854838,0.768601499460404,0.225864762301397
"330","2283.2",24.4157142857143,3.19571428571429,1.12714285714286,1.01,1.38,0.797142857142857,1.75428571428571,0,0,0.797142857142857,1.75428571428571,211.142857142857,174.285714285714,1.28571428571429,93.7142857142857,NA,NA,NA,NA
"331","2283.2",21.5628571428571,21.5971428571429,10.3142857142857,8.66857142857143,13.3885714285714,8.23571428571429,7.18285714285714,0,0,8.23571428571429,7.18285714285714,145.142857142857,172.857142857143,1,1,0.520485126949112,0.876906385637587,0.884155046583335,0.393026634654943
"332","2283.2",9.562,2.698,3.96,1.474,2.999,3.676,2.673,2.23,2.698,1.446,0.443,131.1,138,1,20.2,0.617649487090836,0.843639516876888,0.838441904541084,0.307683136522207
"333","2283.2",14.91,14.91,6.05,7.13857142857143,7.40142857142857,2.76142857142857,3.85571428571429,0,0,2.76142857142857,3.85571428571429,145.142857142857,142.142857142857,1,1.85714285714286,0.315815108922304,0.192178663099608,0.760458574472436,0.232388675098979
"334","2283.2",18.494,18.494,5.454,9.005,7.898,4.851,3.905,0,0,4.851,3.905,86.9,154.5,1,1,0.428780260109469,0.861912553006622,0.854239428907973,0.336055925420491
"335","2283.2",14.982,14.982,11.56,11.19,13.126,5.296,6.943,0,0,5.296,6.943,115.7,144.5,1,1,0.752825679176435,0.4344571550012,0.771625423403446,0.231800697305872
"336","2283.2",22.091,8.746,16.611,2.092,13.984,14.976,16.448,8.984,1.479,5.992,7.464,157,113,4.9,1.1,0.422492701826556,0.405568372709982,0.706721739001921,0.181454785974723
"337","2283.2",18.2542857142857,13.0357142857143,4.55857142857143,2.14571428571429,5.17857142857143,5.42428571428571,5.34142857142857,0,0,5.42428571428571,5.34142857142857,99.5714285714286,149.285714285714,1.71428571428571,1,0.407768608896666,0.523386944813094,0.725696436521971,0.186695679892851
"338","2283.2",10.5885714285714,8.38,5.72142857142857,2.73714285714286,6.26857142857143,3.82714285714286,4.20142857142857,4.25142857142857,2.88142857142857,-0.424285714285714,-0.05,43,165.714285714286,1.57142857142857,1,0.501107177801213,0.865201104017956,0.863232775699431,0.356758354873814
"339","2283.2",9.398,9.398,7.761,3.073,8.236,8.564,NA,6.837,1.857,1.727,NA,23.5,144,1,7.2,0.531213984144192,0.788302266729123,0.670664478836687,0.150453117020928
"340","2283.2",10.48125,2.86125,4.48125,1.43,7.449,5.98,6.543,5.0794,1.464,0.9006,1.4636,73.8,130.5,5.2,1.1,0.788737460753827,0.854112548445456,0.743338097285856,0.21547603279576
"341","2283.2",15.3685714285714,2.41714285714286,7.59714285714286,2.41714285714286,7.56,2.73428571428571,2.52428571428571,5.24285714285714,0.762857142857143,-2.50857142857143,-2.71857142857143,77.2857142857143,170.714285714286,1,29.1428571428571,0.0267616133179808,0.0915581926090445,0.400829540528087,0.0537413766419391
"342","2283.2",28.367,4.459,15.359,2.928,15.664,12.563,12.979,9.197,1.587,3.366,3.782,209.7,177,1,30.8,0.146615572473691,0.600585945451553,0.610152907383897,0.120070703116224
"343","2283.3",31.1428571428571,1.66714285714286,3.23857142857143,0.552857142857143,2.66142857142857,3.26714285714286,2.84,2.35142857142857,0.727142857142857,0.915714285714286,0.488571428571429,177.571428571429,171.428571428571,4.71428571428571,23.7142857142857,0.645181816257974,0.879001242750505,0.855874006059022,0.334611568872841
"344","2283.3",39.9142857142857,8.65571428571429,19.3,8.10714285714286,12.2642857142857,6.70571428571429,8.70571428571429,7.59571428571429,7.63428571428571,-0.89,1.11,454.285714285714,85.7142857142857,16,1,NA,NA,NA,NA
"345","2283.3",20.879,7.825,6.151,3.172,6.286,5.468,6.349,3.912,2.43,1.556,2.437,56.7,151,1,3.3,0.504533036062542,0.849892925852098,0.837812873304583,0.309151409703881
"346","2283.3",17.929,18.354,18.032,7.381,18.218,17.366,6.925,14.43,10.595,2.936,-7.505,154.5,73.5,1,1,0.444806974816149,0.628175156957655,0.319734339179483,0.0429681526603167
"347","2283.3",29.7785714285714,1.64571428571429,14.2942857142857,0.261428571428571,14.2942857142857,11.3414285714286,8.98857142857143,3.51428571428571,0.765714285714286,7.82714285714286,5.47428571428571,249,169.285714285714,1.14285714285714,34.5714285714286,0.534683027188191,0.304026327270707,0.497575846321124,0.0815733363377838
"348","2283.3",22.073,22.073,13.088,12.913,11.801,8.714,9.649,0,0,8.714,9.649,136.142857142857,140,1,1,0.863541312949835,0.64447392093243,0.83604846762135,0.301433532827271
"349","2283.3",33.78,2.38,18.921,0.361,18.92,14.966,11.898,6.28,0.803,8.686,5.618,243.6,172.5,1,25.6,0.635670202539896,0.38153607854838,0.768601499460404,0.225864762301397
"350","2283.3",24.4157142857143,3.19571428571429,1.12714285714286,1.01,1.38,0.797142857142857,1.75428571428571,0,0,0.797142857142857,1.75428571428571,211.142857142857,174.285714285714,1.28571428571429,93.7142857142857,NA,NA,NA,NA
"351","2283.3",15.623,8.032,4.363,3.092,3.661,2.155,2.825,3.227,0.819,-1.072,-0.402,152.7,135,2.3,5.1,0.291365902361885,0.728721984111595,0.563805321725614,0.100138954336563
"352","2283.3",21.5628571428571,21.5971428571429,10.3142857142857,8.66857142857143,13.3885714285714,8.23571428571429,7.18285714285714,0,0,8.23571428571429,7.18285714285714,145.142857142857,172.857142857143,1,1,0.520485126949112,0.876906385637587,0.884155046583335,0.393026634654943
"353","2283.3",9.562,2.698,3.96,1.474,2.999,3.676,2.673,2.23,2.698,1.446,0.443,131.1,138,1,20.2,0.617649487090836,0.843639516876888,0.838441904541084,0.307683136522207
"354","2283.3",14.91,14.91,6.05,7.13857142857143,7.40142857142857,2.76142857142857,3.85571428571429,0,0,2.76142857142857,3.85571428571429,145.142857142857,142.142857142857,1,1.85714285714286,0.315815108922304,0.192178663099608,0.760458574472436,0.232388675098979
"355","2283.3",18.494,18.494,5.454,9.005,7.898,4.851,3.905,0,0,4.851,3.905,86.9,154.5,1,1,0.428780260109469,0.861912553006622,0.854239428907973,0.336055925420491
"356","2283.3",14.982,14.982,11.56,11.19,13.126,5.296,6.943,0,0,5.296,6.943,115.7,144.5,1,1,0.752825679176435,0.4344571550012,0.771625423403446,0.231800697305872
"357","2283.3",22.091,8.746,16.611,2.092,13.984,14.976,16.448,8.984,1.479,5.992,7.464,157,113,4.9,1.1,0.422492701826556,0.405568372709982,0.706721739001921,0.181454785974723
"358","2283.3",18.2542857142857,13.0357142857143,4.55857142857143,2.14571428571429,5.17857142857143,5.42428571428571,5.34142857142857,0,0,5.42428571428571,5.34142857142857,99.5714285714286,149.285714285714,1.71428571428571,1,0.407768608896666,0.523386944813094,0.725696436521971,0.186695679892851
"359","2283.3",10.5885714285714,8.38,5.72142857142857,2.73714285714286,6.26857142857143,3.82714285714286,4.20142857142857,4.25142857142857,2.88142857142857,-0.424285714285714,-0.05,43,165.714285714286,1.57142857142857,1,0.501107177801213,0.865201104017956,0.863232775699431,0.356758354873814
"360","2283.3",28.6271428571429,8.23428571428571,4.54428571428571,1.9,4.97857142857143,2.50428571428571,3.09428571428571,0,0,2.50428571428571,3.09428571428571,58.7142857142857,166.428571428571,5.28571428571429,5.28571428571429,0.532685695289494,0.844223421866293,0.834532910439789,0.300067040286233
"361","2283.3",28.367,4.459,15.359,2.928,15.664,12.563,12.979,9.197,1.587,3.366,3.782,209.7,177,1,30.8,0.146615572473691,0.600585945451553,0.610152907383897,0.120070703116224
"362","2379.1",15.942,15.555,19.189,7.128,19.267,16.033,8.112,15.514,11.351,0.519,-7.402,103.1,77.5,1,1,0.569134380876096,0.760622027818676,0.461622712832617,0.06927592793457
"363","2379.1",43.6414285714286,2.10142857142857,3.31285714285714,0.698571428571429,3.42714285714286,3.94285714285714,3.11142857142857,2.59,0.981428571428571,1.35285714285714,0.521428571428571,90.8571428571429,150,1,71.8571428571429,0.833811717703586,0.605775780067379,0.775588474187112,0.228155180084422
"364","2379.1",23.289,23.289,11.728,7.484,11.174,4.907,7.688,0,0,4.907,7.688,39,170,1,1,0.524525330194416,0.855842496282995,0.864282733834218,0.35012644090158
"365","2379.1",10.3,3.696,6.123,1.569,5.83,5.338,5.069,3.899,1.202,1.439,1.17,39.3,149,1.1,1,0.419225233887176,0.621666025826867,0.629253854920618,0.140720569216721
"366","2379.1",14.0671428571429,3.25571428571429,8.24142857142857,0.662857142857143,8.09285714285714,11.7314285714286,9.43285714285714,6.67,0.722857142857143,5.06142857142857,2.76285714285714,150.714285714286,153.571428571429,1,24.7142857142857,0.269800378801355,0.532462331221839,0.466433969379526,0.0755774750443391
"367","2379.1",15.0228571428571,6.76428571428571,3.95428571428571,2.64285714285714,2.99857142857143,2.14285714285714,2.43285714285714,2.58428571428571,0.784285714285714,-0.441428571428571,-0.151428571428571,74.2857142857143,160.714285714286,1.57142857142857,7.57142857142857,0.33755127404904,0.728695209270657,0.571085118615835,0.103362903759786
"368","2379.1",16.634,16.634,5.265,8.205,8.12,4.462,4.006,0,0,4.462,4.006,86.9,154.5,1,1,0.382571434772261,0.822415408057193,0.817939285055607,0.278754258457502
"369","2379.1",18.6042857142857,18.6042857142857,10.9871428571429,9.28857142857143,12.17,5.36428571428571,7.38571428571429,0,0,5.36428571428571,7.38571428571429,104.571428571429,162.142857142857,1,1,0.632213756076322,0.360645206696547,0.658695102601767,0.195041115114352
"370","2379.2",15.942,15.555,19.189,7.128,19.267,16.033,8.112,15.514,11.351,0.519,-7.402,103.1,77.5,1,1,0.569134380876096,0.760622027818676,0.461622712832617,0.06927592793457
"371","2379.2",43.6414285714286,2.10142857142857,3.31285714285714,0.698571428571429,3.42714285714286,3.94285714285714,3.11142857142857,2.59,0.981428571428571,1.35285714285714,0.521428571428571,90.8571428571429,150,1,71.8571428571429,0.833811717703586,0.605775780067379,0.775588474187112,0.228155180084422
"372","2379.2",23.289,23.289,11.728,7.484,11.174,4.907,7.688,0,0,4.907,7.688,39,170,1,1,0.524525330194416,0.855842496282995,0.864282733834218,0.35012644090158
"373","2379.2",10.3,3.696,6.123,1.569,5.83,5.338,5.069,3.899,1.202,1.439,1.17,39.3,149,1.1,1,0.419225233887176,0.621666025826867,0.629253854920618,0.140720569216721
"374","2379.2",4.217,4.217,1.988,1.261,2.116,1.9,2.429,1.988,4.217,-0.088,0.441,4.6,157,1,1,0.233024265921877,0.478578758932879,0.616992846789106,0.136081448156267
"375","2379.2",8.36,8.36,2.71428571428571,2.39285714285714,3.83285714285714,2.83571428571429,3.27571428571429,2.71428571428571,8.36,0.121428571428571,0.561428571428571,21.2857142857143,162.857142857143,1,1,NA,NA,NA,NA
"376","2379.2",16.634,16.634,5.265,8.205,8.12,4.462,4.006,0,0,4.462,4.006,86.9,154.5,1,1,0.382571434772261,0.822415408057193,0.817939285055607,0.278754258457502
"377","2379.2",18.6042857142857,18.6042857142857,10.9871428571429,9.28857142857143,12.17,5.36428571428571,7.38571428571429,0,0,5.36428571428571,7.38571428571429,104.571428571429,162.142857142857,1,1,0.632213756076322,0.360645206696547,0.658695102601767,0.195041115114352
"378","2379.2",18.496,8.336,3.044,2.763,4.024,0.865,2.015,0,0,0.865,2.015,NA,NA,NA,NA,NA,NA,NA,NA
"379","2379.2",8.255,8.255,7.77214285714286,2.53714285714286,7.92571428571429,4.99214285714286,NA,5.75714285714286,2.00714285714286,-0.765,NA,18.8571428571429,152.142857142857,1,1,0.300127385246336,0.740802166321199,0.599207361269303,0.122010749319206
"380","2379.2",23.7185714285714,5.39285714285714,14.8457142857143,2.37714285714286,14.8742857142857,12.21,12.4457142857143,9.70285714285714,1.35,2.50714285714286,2.74285714285714,87,180,1,19.2857142857143,NA,NA,NA,NA
"381","2379.3",16.8014285714286,1.07857142857143,2.55571428571429,0.364285714285714,2.61,2.98285714285714,2.44,2.03857142857143,0.408571428571429,0.944285714285714,0.401428571428571,97,135,4.14285714285714,24.1,0.506051631938086,0.831381312032762,0.802554842468653,0.264656506638072
"382","2379.3",33.2157142857143,6.16857142857143,17.6585714285714,2.56428571428571,15.2371428571429,20.3328571428571,17.0757142857143,13.9971428571429,2.34571428571429,6.33571428571429,3.07857142857143,63,112.142857142857,5.71428571428571,1,0.401790186239408,0.42716907482045,0.279176095456981,0.0392492199938436
"383","2379.3",15.942,15.555,19.189,7.128,19.267,16.033,8.112,15.514,11.351,0.519,-7.402,103.1,77.5,1,1,0.569134380876096,0.760622027818676,0.461622712832617,0.06927592793457
"384","2379.3",43.6414285714286,2.10142857142857,3.31285714285714,0.698571428571429,3.42714285714286,3.94285714285714,3.11142857142857,2.59,0.981428571428571,1.35285714285714,0.521428571428571,90.8571428571429,150,1,71.8571428571429,0.833811717703586,0.605775780067379,0.775588474187112,0.228155180084422
"385","2379.3",23.289,23.289,11.728,7.484,11.174,4.907,7.688,0,0,4.907,7.688,39,170,1,1,0.524525330194416,0.855842496282995,0.864282733834218,0.35012644090158
"386","2379.3",19.0671428571429,19.0671428571429,26.7671428571429,5.44428571428571,27.8271428571429,22.2557142857143,20.5842857142857,24.8428571428571,2.35714285714286,-2.58714285714286,-4.25857142857143,46,128.571428571429,1,1,0.379557385414669,0.675562489195093,0.382063499179398,0.051991712174839
"387","2379.3",14.0671428571429,3.25571428571429,8.24142857142857,0.662857142857143,8.09285714285714,11.7314285714286,9.43285714285714,6.67,0.722857142857143,5.06142857142857,2.76285714285714,150.714285714286,153.571428571429,1,24.7142857142857,0.269800378801355,0.532462331221839,0.466433969379526,0.0755774750443391
"388","2379.3",4.217,4.217,1.988,1.261,2.116,1.9,2.429,1.988,4.217,-0.088,0.441,4.6,157,1,1,0.233024265921877,0.478578758932879,0.616992846789106,0.136081448156267
"389","2379.3",16.634,16.634,5.265,8.205,8.12,4.462,4.006,0,0,4.462,4.006,86.9,154.5,1,1,0.382571434772261,0.822415408057193,0.817939285055607,0.278754258457502
"390","2379.3",18.6042857142857,18.6042857142857,10.9871428571429,9.28857142857143,12.17,5.36428571428571,7.38571428571429,0,0,5.36428571428571,7.38571428571429,104.571428571429,162.142857142857,1,1,0.632213756076322,0.360645206696547,0.658695102601767,0.195041115114352
"391","2379.3",18.496,8.336,3.044,2.763,4.024,0.865,2.015,0,0,0.865,2.015,NA,NA,NA,NA,NA,NA,NA,NA
"392","2587.1",22.382,10.779,16.327,5.358,10.388,10.507,9.06,9.346,3.161,1.161,-0.286,32.8,138.5,1,7.7,0.264834890444387,0.545473719886912,0.644167025088491,0.138277719449052
"393","2587.1",9.994,9.994,7.95,4.171,8.215,5.037,6.074,0,0,5.037,6.074,71,128,1,1,0.450811463954845,0.820272732682221,0.798741386713137,0.252962403908663
"394","2587.1",37.762,2.317,4.159,4.159,4.25,4.899,4.256,3.379,1.26,1.52,0.877,71.1,158.5,1,29,0.612180202541298,0.53510117985982,0.704790468358664,0.237352521127447
"395","2587.1",11.734,0.736,4.228,0.317,4.228,4.139,3.748,3.798,0.458,0.341,-0.05,29.6,138,1,NA,0.189259145324197,0.62605155290087,0.60052048831617,0.119649930907156
"396","2587.1",19.263,19.263,21.379,6.141,28.895,18.519,17.2909,19.784,2.298,-1.265,-2.4931,46,166,1,1,0.555501481984364,0.745654019764173,0.430108306615824,0.0607050081965545
"397","2587.1",16.978,6.116,4.6,2.338,2.871,2.227,3.065,3.3,1.479,-1.073,-0.235,31.9,154.5,1.57142857142857,7.6,0.33755127404904,0.728695209270657,0.571085118615835,0.103362903759786
"398","2587.1",7.273,1.582,2.345,1.156,2.117,2.215,1.336,2.12571428571429,1.53714285714286,0.695714285714286,0.201428571428571,45.5,111,1,8.85714285714286,0.380764650959718,0.67474502706203,0.690644289065265,0.16528856332016
"399","2587.1",15.476,15.476,5.742,8.184,7.446,4.733,3.846,0,0,4.733,3.846,49.8,167.5,1,1,0.492577874177092,0.668165967250198,0.764634541647972,0.218495052743094
"400","2587.1",6.94285714285714,6.94285714285714,6.01142857142857,3.00285714285714,4.46714285714286,4.47,4.80142857142857,3.82714285714286,3.19285714285714,0.642857142857143,0.974285714285714,12.4285714285714,145,1,1,0.414653575217885,0.716559429075409,0.500225487768674,0.0832651424864249
"401","2587.1",8.388,8.388,8.718,2.77,3.922,4.99214285714286,NA,5.4125,2.7505,NA,NA,6.25,169.75,1,1,0.372760234440148,0.623390190057711,0.619708097074332,0.129316901803241
"402","2587.2",37.762,2.317,4.159,4.159,4.25,4.899,4.256,3.379,1.26,1.52,0.877,71.1,158.5,1,29,0.612180202541298,0.53510117985982,0.704790468358664,0.237352521127447
"403","2587.2",19.263,19.263,21.379,6.141,28.895,18.519,17.2909,19.784,2.298,-1.265,-2.4931,46,166,1,1,0.555501481984364,0.745654019764173,0.430108306615824,0.0607050081965545
"404","2587.2",4.445,4.445,1.945,1.117,2.218,2.093,2.613,1.945,4.445,0.148,0.668,9.9,170.5,1,1,0.499053993724831,0.819276765529034,0.78703302653598,0.253295620890743
"405","2587.2",15.476,15.476,5.742,8.184,7.446,4.733,3.846,0,0,4.733,3.846,49.8,167.5,1,1,0.492577874177092,0.668165967250198,0.764634541647972,0.218495052743094
"406","2587.2",19.034,11.638,4.188,1.892,4.564,4.294,5.44,0,0,4.294,5.44,45.9,163.5,3.4,1,0.455153111249257,0.392098263611321,0.760021776298994,0.214646757134365
"407","2587.2",6.973,6.973,5.003,2.021,2.92,2.691,3.877,0,0,2.691,3.877,37.9,152.5,1,1,0.204439531477475,0.358393070703659,0.534304699497832,0.0940262399254778
"408","2587.2",8.388,8.388,8.718,2.77,3.922,4.99214285714286,NA,5.4125,2.7505,NA,NA,6.25,169.75,1,1,0.372760234440148,0.623390190057711,0.619708097074332,0.129316901803241
"409","2587.3",11.97,7.242,6.394,3.165,6.477,5.43,5.688,4.111,2.388,1.319,1.577,56.7,151,1,3.3,0.32367948388922,0.799767558432846,0.776794723123254,0.238095736727363
"410","2587.3",8.812,8.812,3.019,2.54,4.198,4.415,3.342,2.51,3.129,1.905,0.832,21.5,153.5,1,1,0.641664426205096,0.868352166686813,0.837542230788756,0.314986182730828
"411","2587.3",9.994,9.994,7.95,4.171,8.215,5.037,6.074,0,0,5.037,6.074,71,128,1,1,0.450811463954845,0.820272732682221,0.798741386713137,0.252962403908663
"412","2587.3",37.762,2.317,4.159,4.159,4.25,4.899,4.256,3.379,1.26,1.52,0.877,71.1,158.5,1,29,0.612180202541298,0.53510117985982,0.704790468358664,0.237352521127447
"413","2587.3",8.826,8.826,3.281,2.275,4.069,3.997,4.937,2.343,2.163,1.654,2.594,14.3,161.5,1,1,0.591123789380719,0.886432884593596,0.862367179799426,0.352035283893069
"414","2587.3",5.642,5.642,2.774,1.983,3.405,2.497,3.342,2.166,2.736,0.331,1.176,15.7,151.5,1,1,0.219626955820801,0.679604974213208,0.469016065905449,0.0724601102779533
"415","2587.3",12.712,2.415,1.782,0.837,1.74,1.606,1.634,1.454,0.826,0.152,0.18,21.09,161.5,7,1.7,0.415496659752358,0.79625549032973,0.79909246198072,0.277086799733065
"416","2587.3",6.973,6.973,5.003,2.021,2.92,2.691,3.877,0,0,2.691,3.877,37.9,152.5,1,1,0.204439531477475,0.358393070703659,0.534304699497832,0.0940262399254778
"417","2587.3",6.94285714285714,6.94285714285714,6.01142857142857,3.00285714285714,4.46714285714286,4.47,4.80142857142857,3.82714285714286,3.19285714285714,0.642857142857143,0.974285714285714,12.4285714285714,145,1,1,0.414653575217885,0.716559429075409,0.500225487768674,0.0832651424864249
"418","2587.3",8.388,8.388,8.718,2.77,3.922,4.99214285714286,NA,5.4125,2.7505,NA,NA,6.25,169.75,1,1,0.372760234440148,0.623390190057711,0.619708097074332,0.129316901803241
