"","Elevation","Display_size","Flower_diameter","Floral_depth","Petal_width","Petal_length","Stylus_length","Filament_length","Nectar_depth","Nectar_width","Stylus_position","Filament_position","Plant_height","Flower_inclination","Number_inflorescense","Number_flowers_per_inflo"
"1","1181.1",37.9042857142857,1.22666666666667,2.26904761904762,0.468571428571429,1.70619047619048,1.8947619047619,1.80761904761905,1.37285714285714,0.599047619047619,0.521904761904762,0.434761904761905,301.275862068966,174.655172413793,5.09523809523809,45.5238095238095
"2","1181.1",17.9437209302326,3.56511627906977,1.54093023255814,1.10232558139535,1.28325581395349,1.61,1.55744186046512,1.44744186046512,0.694418604651163,0.162558139534884,0.11,103.829268292683,157.19512195122,8.80487804878049,7.24390243902439
"3","1181.1",16.0175,1.1975,1.62458333333333,0.839166666666667,3.63916666666667,2.1275,1.83625,1.26791666666667,0.675,0.859583333333333,0.568333333333333,101.75,163.333333333333,2.58333333333333,29.9166666666667
"4","1181.1",30.2155,3.71025,3.64725,1.78175,3.60375,5.491375,2.92025,2.053,2.904,3.438375,0.86725,111.4,64.375,1.05,15.45
"5","1181.1",16.2106451612903,14.4803225806452,18.3738709677419,6.47129032258065,18.7061290322581,16.3046666666667,7.25333333333333,14.2822580645161,8.13466666666667,2.048,-7.00333333333333,158.612903225806,77.5806451612903,1.2258064516129,1
"6","1181.1",39.1257142857143,3.70857142857143,16.6614285714286,0.658571428571429,16.65,19.4142857142857,17.4285714285714,12.0585714285714,1.30857142857143,7.35571428571429,5.37,258.857142857143,172.857142857143,1,27.1428571428571
"7","1181.1",31.6716666666667,3.00375,0.942916666666667,0.832083333333333,1.48791666666667,1.02083333333333,1.07541666666667,0.858823529411765,2.10058823529412,0.319411764705882,0.391764705882353,206.958333333333,170.833333333333,21.6666666666667,6.29166666666667
"8","1181.1",26.9728571428571,20.3,8.89357142857143,5.23464285714286,11.2371428571429,8.72214285714286,8.7675,0,0,8.72214285714286,8.7675,265.214285714286,162.142857142857,1.82142857142857,1
"9","1181.1",27.1592957746479,1.90887323943662,15.5398591549296,1.25,15.7114084507042,12.5267605633803,9.97070422535211,5.35464788732394,0.956619718309859,7.17211267605634,4.61605633802817,221.056338028169,167.154929577465,1.01408450704225,27.1830985915493
"10","1181.1",38.9433333333333,0.911481481481481,2.70518518518519,0.417407407407407,2.71185185185185,2.46888888888889,2.49074074074074,2.1262962962963,0.618148148148148,0.342592592592593,0.364444444444444,294.222222222222,170.740740740741,1.11111111111111,52.4444444444444
"11","1181.1",21.8485714285714,11.6757142857143,13.0228571428571,8.66214285714286,12.1785714285714,12.7992857142857,12.2107142857143,7.48857142857143,2.67714285714286,5.31071428571429,4.72214285714286,104.928571428571,111.428571428571,1.84615384615385,2.23076923076923
"12","1181.1",19.1703571428571,19.1789285714286,8.00821428571428,7.86785714285714,10.6471428571429,6.50535714285714,6.48428571428571,0,0,6.50535714285714,6.48428571428571,138.607142857143,171.964285714286,1.03571428571429,1
"13","1181.1",40.225,2.749,1.21733333333333,1.02633333333333,1.25066666666667,1.0195,1.96105263157895,0,0,1.0195,1.96105263157895,387.6,164.666666666667,7.56666666666667,56.6
"14","1181.1",11.2695833333333,3.38333333333333,3.885,1.31958333333333,2.61125,4.9525,7.71833333333333,3.66916666666667,0.745,1.28333333333333,4.04916666666667,293.416666666667,161.666666666667,1.375,16.25
"15","1181.1",21.7307142857143,3.11285714285714,3.21092857142857,0.872142857142857,3.16378571428571,5.67857142857143,11.2878571428571,2.33735714285714,0.892857142857143,3.34121428571429,8.9505,343.642857142857,156.428571428571,1.28571428571429,70.1428571428571
"16","1181.1",13.2241176470588,3.89647058823529,3.76882352941176,1.93,3.74352941176471,2.76705882352941,2.88,2.97823529411765,0.730588235294118,-0.211176470588235,-0.0982352941176471,46.7647058823529,107.941176470588,1.05882352941176,4.17647058823529
"17","1181.1",9.4062962962963,9.4062962962963,1.48740740740741,4.10351851851852,3.88166666666667,2.51537037037037,2.8587037037037,0,0,2.51537037037037,2.8587037037037,55.7241379310345,147.758620689655,1.1551724137931,1.05172413793103
"18","1181.1",19.4617647058824,4.04258823529412,10.5558823529412,2.77764705882353,9.7,10.3535294117647,9.82882352941176,7.36411764705882,2.51711764705882,2.98941176470588,2.46470588235294,94.5882352941177,135.529411764706,3.58823529411765,1
"19","1181.1",16.5276119402985,16.5276119402985,8.07283582089552,8.00268656716418,9.69417910447761,3.73731343283582,4.97492537313433,0,0,3.73731343283582,4.97492537313433,341.727272727273,159.787878787879,2.27272727272727,1.08695652173913
"20","1181.1",161.53,2.02862068965517,1.81068965517241,1.19655172413793,1.75465517241379,1.68088235294118,2.55583333333333,0,0,1.68088235294118,2.55583333333333,482.754716981132,82.4528301886792,6.30769230769231,21.7115384615385
"21","1181.1",30.1135714285714,3.41642857142857,9.84071428571429,1.83142857142857,8.57285714285714,8.796,9.15285714285714,5.58714285714286,1.58785714285714,3.20885714285714,3.56571428571429,389,170.714285714286,20.2142857142857,26.9285714285714
"22","1181.1",20.6976470588235,1.99676470588235,12.6611764705882,1.77058823529412,12.6611764705882,9.55970588235294,8.22705882352941,4.065,0.456764705882353,5.49470588235294,4.16205882352941,193.470588235294,154.117647058824,1.26470588235294,22.1851851851852
"23","1181.1",38.36,0.885882352941176,14.4705882352941,1.63294117647059,14.4705882352941,11.3911764705882,9.00470588235294,4.53470588235294,0.476470588235294,6.85647058823529,4.47,147,161.764705882353,1,52.1428571428571
"24","1181.1",14.1988888888889,4.05714285714286,5.93492063492064,1.80396825396825,5.93709677419355,5.61161290322581,6.11524590163934,4.19667741935484,1.32387096774194,1.41493548387097,1.92681967213115,68.1774193548387,137.096774193548,6.7258064516129,1.2741935483871
"25","1181.1",23.0608196721311,4.32688524590164,14.4490163934426,2.7016393442623,14.8624590163934,12.1473770491803,12.2647540983607,9.66786885245902,1.70770491803279,2.47950819672131,2.59688524590164,145.935483870968,158.467741935484,1.16393442622951,27.0819672131148
"26","1181.1",17.8246774193548,5.20596774193548,7.62709677419355,3.34177419354839,8.49467741935484,5.04177419354839,5.39274193548387,4.94258064516129,1.6358064516129,0.0991935483870968,0.450161290322581,101.734375,158.875,1,14.609375
"27","1181.1",20.6490322580645,10.1941935483871,2.78387096774194,5.47032258064516,5.12612903225806,5.71,5.37166666666667,1.56741935483871,1.07064516129032,4.14066666666667,3.81233333333333,174.903225806452,140.967741935484,3.58064516129032,1.64516129032258
"28","1181.2",37.9042857142857,1.22666666666667,2.26904761904762,0.468571428571429,1.70619047619048,1.8947619047619,1.80761904761905,1.37285714285714,0.599047619047619,0.521904761904762,0.434761904761905,301.275862068966,174.655172413793,5.09523809523809,45.5238095238095
"29","1181.2",17.9437209302326,3.56511627906977,1.54093023255814,1.10232558139535,1.28325581395349,1.61,1.55744186046512,1.44744186046512,0.694418604651163,0.162558139534884,0.11,103.829268292683,157.19512195122,8.80487804878049,7.24390243902439
"30","1181.2",16.0175,1.1975,1.62458333333333,0.839166666666667,3.63916666666667,2.1275,1.83625,1.26791666666667,0.675,0.859583333333333,0.568333333333333,101.75,163.333333333333,2.58333333333333,29.9166666666667
"31","1181.2",22.5557142857143,8.98571428571429,3.60285714285714,2.24714285714286,5.38142857142857,4.57571428571429,4.56857142857143,2.34285714285714,1.27428571428571,2.23285714285714,2.22571428571429,279.714285714286,151.666666666667,10.8571428571429,4.14285714285714
"32","1181.2",30.2155,3.71025,3.64725,1.78175,3.60375,5.491375,2.92025,2.053,2.904,3.438375,0.86725,111.4,64.375,1.05,15.45
"33","1181.2",16.2106451612903,14.4803225806452,18.3738709677419,6.47129032258065,18.7061290322581,16.3046666666667,7.25333333333333,14.2822580645161,8.13466666666667,2.048,-7.00333333333333,158.612903225806,77.5806451612903,1.2258064516129,1
"34","1181.2",56.4,3.54428571428571,10.2228571428571,0.85,11.6857142857143,14.7442857142857,13.4757142857143,10.23,1.42285714285714,4.51428571428571,3.24571428571429,85.2857142857143,153.571428571429,1,202.571428571429
"35","1181.2",31.6716666666667,3.00375,0.942916666666667,0.832083333333333,1.48791666666667,1.02083333333333,1.07541666666667,0.858823529411765,2.10058823529412,0.319411764705882,0.391764705882353,206.958333333333,170.833333333333,21.6666666666667,6.29166666666667
"36","1181.2",26.9728571428571,20.3,8.89357142857143,5.23464285714286,11.2371428571429,8.72214285714286,8.7675,0,0,8.72214285714286,8.7675,265.214285714286,162.142857142857,1.82142857142857,1
"37","1181.2",27.1592957746479,1.90887323943662,15.5398591549296,1.25,15.7114084507042,12.5267605633803,9.97070422535211,5.35464788732394,0.956619718309859,7.17211267605634,4.61605633802817,221.056338028169,167.154929577465,1.01408450704225,27.1830985915493
"38","1181.2",38.9433333333333,0.911481481481481,2.70518518518519,0.417407407407407,2.71185185185185,2.46888888888889,2.49074074074074,2.1262962962963,0.618148148148148,0.342592592592593,0.364444444444444,294.222222222222,170.740740740741,1.11111111111111,52.4444444444444
"39","1181.2",21.8485714285714,11.6757142857143,13.0228571428571,8.66214285714286,12.1785714285714,12.7992857142857,12.2107142857143,7.48857142857143,2.67714285714286,5.31071428571429,4.72214285714286,104.928571428571,111.428571428571,1.84615384615385,2.23076923076923
"40","1181.2",19.1703571428571,19.1789285714286,8.00821428571428,7.86785714285714,10.6471428571429,6.50535714285714,6.48428571428571,0,0,6.50535714285714,6.48428571428571,138.607142857143,171.964285714286,1.03571428571429,1
"41","1181.2",40.225,2.749,1.21733333333333,1.02633333333333,1.25066666666667,1.0195,1.96105263157895,0,0,1.0195,1.96105263157895,387.6,164.666666666667,7.56666666666667,56.6
"42","1181.2",11.2695833333333,3.38333333333333,3.885,1.31958333333333,2.61125,4.9525,7.71833333333333,3.66916666666667,0.745,1.28333333333333,4.04916666666667,293.416666666667,161.666666666667,1.375,16.25
"43","1181.2",21.7307142857143,3.11285714285714,3.21092857142857,0.872142857142857,3.16378571428571,5.67857142857143,11.2878571428571,2.33735714285714,0.892857142857143,3.34121428571429,8.9505,343.642857142857,156.428571428571,1.28571428571429,70.1428571428571
"44","1181.2",9.4062962962963,9.4062962962963,1.48740740740741,4.10351851851852,3.88166666666667,2.51537037037037,2.8587037037037,0,0,2.51537037037037,2.8587037037037,55.7241379310345,147.758620689655,1.1551724137931,1.05172413793103
"45","1181.2",19.4617647058824,4.04258823529412,10.5558823529412,2.77764705882353,9.7,10.3535294117647,9.82882352941176,7.36411764705882,2.51711764705882,2.98941176470588,2.46470588235294,94.5882352941177,135.529411764706,3.58823529411765,1
"46","1181.2",16.5276119402985,16.5276119402985,8.07283582089552,8.00268656716418,9.69417910447761,3.73731343283582,4.97492537313433,0,0,3.73731343283582,4.97492537313433,341.727272727273,159.787878787879,2.27272727272727,1.08695652173913
"47","1181.2",161.53,2.02862068965517,1.81068965517241,1.19655172413793,1.75465517241379,1.68088235294118,2.55583333333333,0,0,1.68088235294118,2.55583333333333,482.754716981132,82.4528301886792,6.30769230769231,21.7115384615385
"48","1181.2",30.1135714285714,3.41642857142857,9.84071428571429,1.83142857142857,8.57285714285714,8.796,9.15285714285714,5.58714285714286,1.58785714285714,3.20885714285714,3.56571428571429,389,170.714285714286,20.2142857142857,26.9285714285714
"49","1181.2",20.6976470588235,1.99676470588235,12.6611764705882,1.77058823529412,12.6611764705882,9.55970588235294,8.22705882352941,4.065,0.456764705882353,5.49470588235294,4.16205882352941,193.470588235294,154.117647058824,1.26470588235294,22.1851851851852
"50","1181.2",8.45333333333333,8.31795454545455,3.28704545454545,2.63090909090909,4.00227272727273,3.60363636363636,3.29840909090909,3.28704545454545,8.31795454545455,0.316590909090909,0.0113636363636364,148.652173913043,157.282608695652,2.43478260869565,1.02173913043478
"51","1181.2",38.36,0.885882352941176,14.4705882352941,1.63294117647059,14.4705882352941,11.3911764705882,9.00470588235294,4.53470588235294,0.476470588235294,6.85647058823529,4.47,147,161.764705882353,1,52.1428571428571
"52","1181.2",14.1988888888889,4.05714285714286,5.93492063492064,1.80396825396825,5.93709677419355,5.61161290322581,6.11524590163934,4.19667741935484,1.32387096774194,1.41493548387097,1.92681967213115,68.1774193548387,137.096774193548,6.7258064516129,1.2741935483871
"53","1181.2",23.0608196721311,4.32688524590164,14.4490163934426,2.7016393442623,14.8624590163934,12.1473770491803,12.2647540983607,9.66786885245902,1.70770491803279,2.47950819672131,2.59688524590164,145.935483870968,158.467741935484,1.16393442622951,27.0819672131148
"54","1181.2",15.7411764705882,15.9341176470588,7.09235294117647,6.38294117647059,11.2647058823529,7.85470588235294,7.01176470588235,7.09235294117647,3.82294117647059,0.762352941176471,-0.0805882352941176,68.7058823529412,60.2941176470588,1.58823529411765,1
"55","1181.3",17.9437209302326,3.56511627906977,1.54093023255814,1.10232558139535,1.28325581395349,1.61,1.55744186046512,1.44744186046512,0.694418604651163,0.162558139534884,0.11,103.829268292683,157.19512195122,8.80487804878049,7.24390243902439
"56","1181.3",30.2155,3.71025,3.64725,1.78175,3.60375,5.491375,2.92025,2.053,2.904,3.438375,0.86725,111.4,64.375,1.05,15.45
"57","1181.3",16.2106451612903,14.4803225806452,18.3738709677419,6.47129032258065,18.7061290322581,16.3046666666667,7.25333333333333,14.2822580645161,8.13466666666667,2.048,-7.00333333333333,158.612903225806,77.5806451612903,1.2258064516129,1
"58","1181.3",31.6716666666667,3.00375,0.942916666666667,0.832083333333333,1.48791666666667,1.02083333333333,1.07541666666667,0.858823529411765,2.10058823529412,0.319411764705882,0.391764705882353,206.958333333333,170.833333333333,21.6666666666667,6.29166666666667
"59","1181.3",13.3233333333333,3.20895833333333,8.11666666666667,0.695,8.42708333333333,10.5627083333333,8.67541666666667,6.33854166666667,0.910625,4.22416666666667,2.336875,182.25,160.520833333333,1,17.3125
"60","1181.3",27.1592957746479,1.90887323943662,15.5398591549296,1.25,15.7114084507042,12.5267605633803,9.97070422535211,5.35464788732394,0.956619718309859,7.17211267605634,4.61605633802817,221.056338028169,167.154929577465,1.01408450704225,27.1830985915493
"61","1181.3",38.9433333333333,0.911481481481481,2.70518518518519,0.417407407407407,2.71185185185185,2.46888888888889,2.49074074074074,2.1262962962963,0.618148148148148,0.342592592592593,0.364444444444444,294.222222222222,170.740740740741,1.11111111111111,52.4444444444444
"62","1181.3",21.8485714285714,11.6757142857143,13.0228571428571,8.66214285714286,12.1785714285714,12.7992857142857,12.2107142857143,7.48857142857143,2.67714285714286,5.31071428571429,4.72214285714286,104.928571428571,111.428571428571,1.84615384615385,2.23076923076923
"63","1181.3",40.225,2.749,1.21733333333333,1.02633333333333,1.25066666666667,1.0195,1.96105263157895,0,0,1.0195,1.96105263157895,387.6,164.666666666667,7.56666666666667,56.6
"64","1181.3",21.7307142857143,3.11285714285714,3.21092857142857,0.872142857142857,3.16378571428571,5.67857142857143,11.2878571428571,2.33735714285714,0.892857142857143,3.34121428571429,8.9505,343.642857142857,156.428571428571,1.28571428571429,70.1428571428571
"65","1181.3",9.4062962962963,9.4062962962963,1.48740740740741,4.10351851851852,3.88166666666667,2.51537037037037,2.8587037037037,0,0,2.51537037037037,2.8587037037037,55.7241379310345,147.758620689655,1.1551724137931,1.05172413793103
"66","1181.3",19.4617647058824,4.04258823529412,10.5558823529412,2.77764705882353,9.7,10.3535294117647,9.82882352941176,7.36411764705882,2.51711764705882,2.98941176470588,2.46470588235294,94.5882352941177,135.529411764706,3.58823529411765,1
"67","1181.3",16.5276119402985,16.5276119402985,8.07283582089552,8.00268656716418,9.69417910447761,3.73731343283582,4.97492537313433,0,0,3.73731343283582,4.97492537313433,341.727272727273,159.787878787879,2.27272727272727,1.08695652173913
"68","1181.3",30.1135714285714,3.41642857142857,9.84071428571429,1.83142857142857,8.57285714285714,8.796,9.15285714285714,5.58714285714286,1.58785714285714,3.20885714285714,3.56571428571429,389,170.714285714286,20.2142857142857,26.9285714285714
"69","1181.3",20.6976470588235,1.99676470588235,12.6611764705882,1.77058823529412,12.6611764705882,9.55970588235294,8.22705882352941,4.065,0.456764705882353,5.49470588235294,4.16205882352941,193.470588235294,154.117647058824,1.26470588235294,22.1851851851852
"70","1181.3",8.45333333333333,8.31795454545455,3.28704545454545,2.63090909090909,4.00227272727273,3.60363636363636,3.29840909090909,3.28704545454545,8.31795454545455,0.316590909090909,0.0113636363636364,148.652173913043,157.282608695652,2.43478260869565,1.02173913043478
"71","1181.3",14.1988888888889,4.05714285714286,5.93492063492064,1.80396825396825,5.93709677419355,5.61161290322581,6.11524590163934,4.19667741935484,1.32387096774194,1.41493548387097,1.92681967213115,68.1774193548387,137.096774193548,6.7258064516129,1.2741935483871
"72","1181.3",23.0608196721311,4.32688524590164,14.4490163934426,2.7016393442623,14.8624590163934,12.1473770491803,12.2647540983607,9.66786885245902,1.70770491803279,2.47950819672131,2.59688524590164,145.935483870968,158.467741935484,1.16393442622951,27.0819672131148
"73","1181.3",17.8246774193548,5.20596774193548,7.62709677419355,3.34177419354839,8.49467741935484,5.04177419354839,5.39274193548387,4.94258064516129,1.6358064516129,0.0991935483870968,0.450161290322581,101.734375,158.875,1,14.609375
"74","1463.1",37.9042857142857,1.22666666666667,2.26904761904762,0.468571428571429,1.70619047619048,1.8947619047619,1.80761904761905,1.37285714285714,0.599047619047619,0.521904761904762,0.434761904761905,301.275862068966,174.655172413793,5.09523809523809,45.5238095238095
"75","1463.1",17.9437209302326,3.56511627906977,1.54093023255814,1.10232558139535,1.28325581395349,1.61,1.55744186046512,1.44744186046512,0.694418604651163,0.162558139534884,0.11,103.829268292683,157.19512195122,8.80487804878049,7.24390243902439
"76","1463.1",16.0175,1.1975,1.62458333333333,0.839166666666667,3.63916666666667,2.1275,1.83625,1.26791666666667,0.675,0.859583333333333,0.568333333333333,101.75,163.333333333333,2.58333333333333,29.9166666666667
"77","1463.1",30.2155,3.71025,3.64725,1.78175,3.60375,5.491375,2.92025,2.053,2.904,3.438375,0.86725,111.4,64.375,1.05,15.45
"78","1463.1",16.2106451612903,14.4803225806452,18.3738709677419,6.47129032258065,18.7061290322581,16.3046666666667,7.25333333333333,14.2822580645161,8.13466666666667,2.048,-7.00333333333333,158.612903225806,77.5806451612903,1.2258064516129,1
"79","1463.1",60.6885714285714,1.57428571428571,10.57,0.234285714285714,11.5414285714286,14.0442857142857,12.4814285714286,10.57,1.04,3.47428571428571,1.91142857142857,54.8571428571429,159.285714285714,1,270.285714285714
"80","1463.1",17.6788461538462,2.79076923076923,0.7332,1.05730769230769,1.25961538461538,1.19722222222222,1.39588235294118,0,0,1.19722222222222,1.39588235294118,336.125,163.541666666667,6.20833333333333,14.0416666666667
"81","1463.1",23.8642857142857,7.94285714285714,14.3842857142857,4.46142857142857,14.8171428571429,14.3357142857143,13.5085714285714,12.2357142857143,3.13428571428571,2.1,1.27285714285714,129.285714285714,130.714285714286,3.66666666666667,1
"82","1463.1",27.1902941176471,2.00970588235294,14.4664705882353,1.72470588235294,14.4664705882353,10.1761764705882,7.96441176470588,4.09147058823529,0.893235294117647,6.08470588235294,3.87294117647059,191.470588235294,170.147058823529,1.02941176470588,38.8823529411765
"83","1463.1",31.6716666666667,3.00375,0.942916666666667,0.832083333333333,1.48791666666667,1.02083333333333,1.07541666666667,0.858823529411765,2.10058823529412,0.319411764705882,0.391764705882353,206.958333333333,170.833333333333,21.6666666666667,6.29166666666667
"84","1463.1",18.6828571428571,3.62904761904762,1.13952380952381,1.07095238095238,1.62333333333333,0.696190476190476,1.03666666666667,0.981904761904762,2.72761904761905,-0.285714285714286,0.0547619047619048,119.666666666667,159.285714285714,6.76190476190476,4.19047619047619
"85","1463.1",19.1433333333333,19.1433333333333,12.735,8.81166666666667,14.6116666666667,8.725,6.9325,0,0,8.725,6.9325,121.714285714286,139.285714285714,1.14285714285714,1
"86","1463.1",26.9728571428571,20.3,8.89357142857143,5.23464285714286,11.2371428571429,8.72214285714286,8.7675,0,0,8.72214285714286,8.7675,265.214285714286,162.142857142857,1.82142857142857,1
"87","1463.1",27.1592957746479,1.90887323943662,15.5398591549296,1.25,15.7114084507042,12.5267605633803,9.97070422535211,5.35464788732394,0.956619718309859,7.17211267605634,4.61605633802817,221.056338028169,167.154929577465,1.01408450704225,27.1830985915493
"88","1463.1",38.9433333333333,0.911481481481481,2.70518518518519,0.417407407407407,2.71185185185185,2.46888888888889,2.49074074074074,2.1262962962963,0.618148148148148,0.342592592592593,0.364444444444444,294.222222222222,170.740740740741,1.11111111111111,52.4444444444444
"89","1463.1",13.7442857142857,1.14571428571429,6.78285714285714,1.14571428571429,6.78285714285714,6.55142857142857,5.30285714285714,2.28857142857143,0.487142857142857,4.26285714285714,3.01428571428571,167,157.142857142857,1,27.7142857142857
"90","1463.1",40.225,2.749,1.21733333333333,1.02633333333333,1.25066666666667,1.0195,1.96105263157895,0,0,1.0195,1.96105263157895,387.6,164.666666666667,7.56666666666667,56.6
"91","1463.1",21.7307142857143,3.11285714285714,3.21092857142857,0.872142857142857,3.16378571428571,5.67857142857143,11.2878571428571,2.33735714285714,0.892857142857143,3.34121428571429,8.9505,343.642857142857,156.428571428571,1.28571428571429,70.1428571428571
"92","1463.1",16.39,16.39,3.57894736842105,8.00631578947368,7.35184210526316,2.54710526315789,4.14078947368421,0,0,2.54710526315789,4.14078947368421,90.8947368421053,153.947368421053,1.44736842105263,1.21052631578947
"93","1463.1",9.4062962962963,9.4062962962963,1.48740740740741,4.10351851851852,3.88166666666667,2.51537037037037,2.8587037037037,0,0,2.51537037037037,2.8587037037037,55.7241379310345,147.758620689655,1.1551724137931,1.05172413793103
"94","1463.1",16.5276119402985,16.5276119402985,8.07283582089552,8.00268656716418,9.69417910447761,3.73731343283582,4.97492537313433,0,0,3.73731343283582,4.97492537313433,341.727272727273,159.787878787879,2.27272727272727,1.08695652173913
"95","1463.1",17.643125,17.643125,11.1004166666667,10.9466666666667,12.378125,5.50291666666667,6.525625,0,0,5.50291666666667,6.525625,133.666666666667,159.411764705882,1.11764705882353,1.03921568627451
"96","1463.1",15.55,15.55,5.43,6.82285714285714,8.69428571428571,3.95,4.65714285714286,0,0,3.95,4.65714285714286,216.285714285714,159.285714285714,1,1
"97","1463.1",20.6976470588235,1.99676470588235,12.6611764705882,1.77058823529412,12.6611764705882,9.55970588235294,8.22705882352941,4.065,0.456764705882353,5.49470588235294,4.16205882352941,193.470588235294,154.117647058824,1.26470588235294,22.1851851851852
"98","1463.1",8.45333333333333,8.31795454545455,3.28704545454545,2.63090909090909,4.00227272727273,3.60363636363636,3.29840909090909,3.28704545454545,8.31795454545455,0.316590909090909,0.0113636363636364,148.652173913043,157.282608695652,2.43478260869565,1.02173913043478
"99","1463.1",38.36,0.885882352941176,14.4705882352941,1.63294117647059,14.4705882352941,11.3911764705882,9.00470588235294,4.53470588235294,0.476470588235294,6.85647058823529,4.47,147,161.764705882353,1,52.1428571428571
"100","1463.1",14.1988888888889,4.05714285714286,5.93492063492064,1.80396825396825,5.93709677419355,5.61161290322581,6.11524590163934,4.19667741935484,1.32387096774194,1.41493548387097,1.92681967213115,68.1774193548387,137.096774193548,6.7258064516129,1.2741935483871
"101","1463.1",23.0608196721311,4.32688524590164,14.4490163934426,2.7016393442623,14.8624590163934,12.1473770491803,12.2647540983607,9.66786885245902,1.70770491803279,2.47950819672131,2.59688524590164,145.935483870968,158.467741935484,1.16393442622951,27.0819672131148
"102","1463.1",17.8246774193548,5.20596774193548,7.62709677419355,3.34177419354839,8.49467741935484,5.04177419354839,5.39274193548387,4.94258064516129,1.6358064516129,0.0991935483870968,0.450161290322581,101.734375,158.875,1,14.609375
"103","1463.1",5.29357142857143,5.29357142857143,4.42291666666667,5.3125,4.35375,4.45642857142857,3.07892857142857,4.315,2.25821428571429,0.141428571428571,-1.23607142857143,159.357142857143,18.3928571428571,1.21428571428571,1
"104","1463.1",20.6490322580645,10.1941935483871,2.78387096774194,5.47032258064516,5.12612903225806,5.71,5.37166666666667,1.56741935483871,1.07064516129032,4.14066666666667,3.81233333333333,174.903225806452,140.967741935484,3.58064516129032,1.64516129032258
"105","1463.2",37.9042857142857,1.22666666666667,2.26904761904762,0.468571428571429,1.70619047619048,1.8947619047619,1.80761904761905,1.37285714285714,0.599047619047619,0.521904761904762,0.434761904761905,301.275862068966,174.655172413793,5.09523809523809,45.5238095238095
"106","1463.2",48.9494117647059,6.26882352941176,7.85294117647059,5.19470588235294,10.36,9.65347058823529,9.98823529411765,8.46066666666667,2.47058823529412,1.25326666666667,1.67533333333333,106,119.642857142857,7.21428571428571,5.28571428571429
"107","1463.2",17.9437209302326,3.56511627906977,1.54093023255814,1.10232558139535,1.28325581395349,1.61,1.55744186046512,1.44744186046512,0.694418604651163,0.162558139534884,0.11,103.829268292683,157.19512195122,8.80487804878049,7.24390243902439
"108","1463.2",16.0175,1.1975,1.62458333333333,0.839166666666667,3.63916666666667,2.1275,1.83625,1.26791666666667,0.675,0.859583333333333,0.568333333333333,101.75,163.333333333333,2.58333333333333,29.9166666666667
"109","1463.2",17.6788461538462,2.79076923076923,0.7332,1.05730769230769,1.25961538461538,1.19722222222222,1.39588235294118,0,0,1.19722222222222,1.39588235294118,336.125,163.541666666667,6.20833333333333,14.0416666666667
"110","1463.2",23.8642857142857,7.94285714285714,14.3842857142857,4.46142857142857,14.8171428571429,14.3357142857143,13.5085714285714,12.2357142857143,3.13428571428571,2.1,1.27285714285714,129.285714285714,130.714285714286,3.66666666666667,1
"111","1463.2",27.1902941176471,2.00970588235294,14.4664705882353,1.72470588235294,14.4664705882353,10.1761764705882,7.96441176470588,4.09147058823529,0.893235294117647,6.08470588235294,3.87294117647059,191.470588235294,170.147058823529,1.02941176470588,38.8823529411765
"112","1463.2",21.6318,5.375,16.884,3.26,16.659,15.5,15.633,12.508,1.382,2.992,3.125,341.7,147,9.9,1
"113","1463.2",18.6828571428571,3.62904761904762,1.13952380952381,1.07095238095238,1.62333333333333,0.696190476190476,1.03666666666667,0.981904761904762,2.72761904761905,-0.285714285714286,0.0547619047619048,119.666666666667,159.285714285714,6.76190476190476,4.19047619047619
"114","1463.2",26.9728571428571,20.3,8.89357142857143,5.23464285714286,11.2371428571429,8.72214285714286,8.7675,0,0,8.72214285714286,8.7675,265.214285714286,162.142857142857,1.82142857142857,1
"115","1463.2",27.1592957746479,1.90887323943662,15.5398591549296,1.25,15.7114084507042,12.5267605633803,9.97070422535211,5.35464788732394,0.956619718309859,7.17211267605634,4.61605633802817,221.056338028169,167.154929577465,1.01408450704225,27.1830985915493
"116","1463.2",38.9433333333333,0.911481481481481,2.70518518518519,0.417407407407407,2.71185185185185,2.46888888888889,2.49074074074074,2.1262962962963,0.618148148148148,0.342592592592593,0.364444444444444,294.222222222222,170.740740740741,1.11111111111111,52.4444444444444
"117","1463.2",21.8485714285714,11.6757142857143,13.0228571428571,8.66214285714286,12.1785714285714,12.7992857142857,12.2107142857143,7.48857142857143,2.67714285714286,5.31071428571429,4.72214285714286,104.928571428571,111.428571428571,1.84615384615385,2.23076923076923
"118","1463.2",17.307,7.741,3.553,2.675,3.15,2.875,2.48,3.307,0.887,-0.392727272727273,-0.751818181818182,188.454545454545,141.818181818182,2.36363636363636,3.54545454545455
"119","1463.2",19.1703571428571,19.1789285714286,8.00821428571428,7.86785714285714,10.6471428571429,6.50535714285714,6.48428571428571,0,0,6.50535714285714,6.48428571428571,138.607142857143,171.964285714286,1.03571428571429,1
"120","1463.2",13.7442857142857,1.14571428571429,6.78285714285714,1.14571428571429,6.78285714285714,6.55142857142857,5.30285714285714,2.28857142857143,0.487142857142857,4.26285714285714,3.01428571428571,167,157.142857142857,1,27.7142857142857
"121","1463.2",40.225,2.749,1.21733333333333,1.02633333333333,1.25066666666667,1.0195,1.96105263157895,0,0,1.0195,1.96105263157895,387.6,164.666666666667,7.56666666666667,56.6
"122","1463.2",11.2695833333333,3.38333333333333,3.885,1.31958333333333,2.61125,4.9525,7.71833333333333,3.66916666666667,0.745,1.28333333333333,4.04916666666667,293.416666666667,161.666666666667,1.375,16.25
"123","1463.2",21.7307142857143,3.11285714285714,3.21092857142857,0.872142857142857,3.16378571428571,5.67857142857143,11.2878571428571,2.33735714285714,0.892857142857143,3.34121428571429,8.9505,343.642857142857,156.428571428571,1.28571428571429,70.1428571428571
"124","1463.2",16.39,16.39,3.57894736842105,8.00631578947368,7.35184210526316,2.54710526315789,4.14078947368421,0,0,2.54710526315789,4.14078947368421,90.8947368421053,153.947368421053,1.44736842105263,1.21052631578947
"125","1463.2",9.4062962962963,9.4062962962963,1.48740740740741,4.10351851851852,3.88166666666667,2.51537037037037,2.8587037037037,0,0,2.51537037037037,2.8587037037037,55.7241379310345,147.758620689655,1.1551724137931,1.05172413793103
"126","1463.2",19.4617647058824,4.04258823529412,10.5558823529412,2.77764705882353,9.7,10.3535294117647,9.82882352941176,7.36411764705882,2.51711764705882,2.98941176470588,2.46470588235294,94.5882352941177,135.529411764706,3.58823529411765,1
"127","1463.2",16.5276119402985,16.5276119402985,8.07283582089552,8.00268656716418,9.69417910447761,3.73731343283582,4.97492537313433,0,0,3.73731343283582,4.97492537313433,341.727272727273,159.787878787879,2.27272727272727,1.08695652173913
"128","1463.2",17.643125,17.643125,11.1004166666667,10.9466666666667,12.378125,5.50291666666667,6.525625,0,0,5.50291666666667,6.525625,133.666666666667,159.411764705882,1.11764705882353,1.03921568627451
"129","1463.2",15.55,15.55,5.43,6.82285714285714,8.69428571428571,3.95,4.65714285714286,0,0,3.95,4.65714285714286,216.285714285714,159.285714285714,1,1
"130","1463.2",20.6976470588235,1.99676470588235,12.6611764705882,1.77058823529412,12.6611764705882,9.55970588235294,8.22705882352941,4.065,0.456764705882353,5.49470588235294,4.16205882352941,193.470588235294,154.117647058824,1.26470588235294,22.1851851851852
"131","1463.2",38.36,0.885882352941176,14.4705882352941,1.63294117647059,14.4705882352941,11.3911764705882,9.00470588235294,4.53470588235294,0.476470588235294,6.85647058823529,4.47,147,161.764705882353,1,52.1428571428571
"132","1463.2",14.1988888888889,4.05714285714286,5.93492063492064,1.80396825396825,5.93709677419355,5.61161290322581,6.11524590163934,4.19667741935484,1.32387096774194,1.41493548387097,1.92681967213115,68.1774193548387,137.096774193548,6.7258064516129,1.2741935483871
"133","1463.2",17.8246774193548,5.20596774193548,7.62709677419355,3.34177419354839,8.49467741935484,5.04177419354839,5.39274193548387,4.94258064516129,1.6358064516129,0.0991935483870968,0.450161290322581,101.734375,158.875,1,14.609375
"134","1463.2",5.29357142857143,5.29357142857143,4.42291666666667,5.3125,4.35375,4.45642857142857,3.07892857142857,4.315,2.25821428571429,0.141428571428571,-1.23607142857143,159.357142857143,18.3928571428571,1.21428571428571,1
"135","1463.2",20.6490322580645,10.1941935483871,2.78387096774194,5.47032258064516,5.12612903225806,5.71,5.37166666666667,1.56741935483871,1.07064516129032,4.14066666666667,3.81233333333333,174.903225806452,140.967741935484,3.58064516129032,1.64516129032258
"136","1463.3",37.9042857142857,1.22666666666667,2.26904761904762,0.468571428571429,1.70619047619048,1.8947619047619,1.80761904761905,1.37285714285714,0.599047619047619,0.521904761904762,0.434761904761905,301.275862068966,174.655172413793,5.09523809523809,45.5238095238095
"137","1463.3",12.1242857142857,2.01857142857143,16.8185714285714,0.445714285714286,14.1525714285714,16.9442857142857,14.2671428571429,11.4142857142857,0.549,5.53,2.85285714285714,814.142857142857,155,1,3.14285714285714
"138","1463.3",60.6885714285714,1.57428571428571,10.57,0.234285714285714,11.5414285714286,14.0442857142857,12.4814285714286,10.57,1.04,3.47428571428571,1.91142857142857,54.8571428571429,159.285714285714,1,270.285714285714
"139","1463.3",17.6788461538462,2.79076923076923,0.7332,1.05730769230769,1.25961538461538,1.19722222222222,1.39588235294118,0,0,1.19722222222222,1.39588235294118,336.125,163.541666666667,6.20833333333333,14.0416666666667
"140","1463.3",26.9728571428571,20.3,8.89357142857143,5.23464285714286,11.2371428571429,8.72214285714286,8.7675,0,0,8.72214285714286,8.7675,265.214285714286,162.142857142857,1.82142857142857,1
"141","1463.3",27.1592957746479,1.90887323943662,15.5398591549296,1.25,15.7114084507042,12.5267605633803,9.97070422535211,5.35464788732394,0.956619718309859,7.17211267605634,4.61605633802817,221.056338028169,167.154929577465,1.01408450704225,27.1830985915493
"142","1463.3",38.9433333333333,0.911481481481481,2.70518518518519,0.417407407407407,2.71185185185185,2.46888888888889,2.49074074074074,2.1262962962963,0.618148148148148,0.342592592592593,0.364444444444444,294.222222222222,170.740740740741,1.11111111111111,52.4444444444444
"143","1463.3",40.225,2.749,1.21733333333333,1.02633333333333,1.25066666666667,1.0195,1.96105263157895,0,0,1.0195,1.96105263157895,387.6,164.666666666667,7.56666666666667,56.6
"144","1463.3",11.2695833333333,3.38333333333333,3.885,1.31958333333333,2.61125,4.9525,7.71833333333333,3.66916666666667,0.745,1.28333333333333,4.04916666666667,293.416666666667,161.666666666667,1.375,16.25
"145","1463.3",9.4062962962963,9.4062962962963,1.48740740740741,4.10351851851852,3.88166666666667,2.51537037037037,2.8587037037037,0,0,2.51537037037037,2.8587037037037,55.7241379310345,147.758620689655,1.1551724137931,1.05172413793103
"146","1463.3",16.5276119402985,16.5276119402985,8.07283582089552,8.00268656716418,9.69417910447761,3.73731343283582,4.97492537313433,0,0,3.73731343283582,4.97492537313433,341.727272727273,159.787878787879,2.27272727272727,1.08695652173913
"147","1463.3",30.1135714285714,3.41642857142857,9.84071428571429,1.83142857142857,8.57285714285714,8.796,9.15285714285714,5.58714285714286,1.58785714285714,3.20885714285714,3.56571428571429,389,170.714285714286,20.2142857142857,26.9285714285714
"148","1463.3",20.6976470588235,1.99676470588235,12.6611764705882,1.77058823529412,12.6611764705882,9.55970588235294,8.22705882352941,4.065,0.456764705882353,5.49470588235294,4.16205882352941,193.470588235294,154.117647058824,1.26470588235294,22.1851851851852
"149","1463.3",23.0608196721311,4.32688524590164,14.4490163934426,2.7016393442623,14.8624590163934,12.1473770491803,12.2647540983607,9.66786885245902,1.70770491803279,2.47950819672131,2.59688524590164,145.935483870968,158.467741935484,1.16393442622951,27.0819672131148
"150","1632.1",37.9042857142857,1.22666666666667,2.26904761904762,0.468571428571429,1.70619047619048,1.8947619047619,1.80761904761905,1.37285714285714,0.599047619047619,0.521904761904762,0.434761904761905,301.275862068966,174.655172413793,5.09523809523809,45.5238095238095
"151","1632.1",27.1592957746479,1.90887323943662,15.5398591549296,1.25,15.7114084507042,12.5267605633803,9.97070422535211,5.35464788732394,0.956619718309859,7.17211267605634,4.61605633802817,221.056338028169,167.154929577465,1.01408450704225,27.1830985915493
"152","1632.1",17.307,7.741,3.553,2.675,3.15,2.875,2.48,3.307,0.887,-0.392727272727273,-0.751818181818182,188.454545454545,141.818181818182,2.36363636363636,3.54545454545455
"153","1632.1",16.39,16.39,3.57894736842105,8.00631578947368,7.35184210526316,2.54710526315789,4.14078947368421,0,0,2.54710526315789,4.14078947368421,90.8947368421053,153.947368421053,1.44736842105263,1.21052631578947
"154","1632.1",9.4062962962963,9.4062962962963,1.48740740740741,4.10351851851852,3.88166666666667,2.51537037037037,2.8587037037037,0,0,2.51537037037037,2.8587037037037,55.7241379310345,147.758620689655,1.1551724137931,1.05172413793103
"155","1632.1",16.5276119402985,16.5276119402985,8.07283582089552,8.00268656716418,9.69417910447761,3.73731343283582,4.97492537313433,0,0,3.73731343283582,4.97492537313433,341.727272727273,159.787878787879,2.27272727272727,1.08695652173913
"156","1632.1",17.643125,17.643125,11.1004166666667,10.9466666666667,12.378125,5.50291666666667,6.525625,0,0,5.50291666666667,6.525625,133.666666666667,159.411764705882,1.11764705882353,1.03921568627451
"157","1632.1",161.53,2.02862068965517,1.81068965517241,1.19655172413793,1.75465517241379,1.68088235294118,2.55583333333333,0,0,1.68088235294118,2.55583333333333,482.754716981132,82.4528301886792,6.30769230769231,21.7115384615385
"158","1632.1",20.6976470588235,1.99676470588235,12.6611764705882,1.77058823529412,12.6611764705882,9.55970588235294,8.22705882352941,4.065,0.456764705882353,5.49470588235294,4.16205882352941,193.470588235294,154.117647058824,1.26470588235294,22.1851851851852
"159","1632.1",23.0608196721311,4.32688524590164,14.4490163934426,2.7016393442623,14.8624590163934,12.1473770491803,12.2647540983607,9.66786885245902,1.70770491803279,2.47950819672131,2.59688524590164,145.935483870968,158.467741935484,1.16393442622951,27.0819672131148
"160","1632.1",17.8246774193548,5.20596774193548,7.62709677419355,3.34177419354839,8.49467741935484,5.04177419354839,5.39274193548387,4.94258064516129,1.6358064516129,0.0991935483870968,0.450161290322581,101.734375,158.875,1,14.609375
"161","1632.1",15.2875,5.43045454545455,3.07,3.52818181818182,3.52545454545455,3.98136363636364,3.99,2.20954545454545,1.605,1.77181818181818,1.78045454545455,102.37037037037,140.185185185185,2.25925925925926,1.22222222222222
"162","1632.2",37.9042857142857,1.22666666666667,2.26904761904762,0.468571428571429,1.70619047619048,1.8947619047619,1.80761904761905,1.37285714285714,0.599047619047619,0.521904761904762,0.434761904761905,301.275862068966,174.655172413793,5.09523809523809,45.5238095238095
"163","1632.2",16.2106451612903,14.4803225806452,18.3738709677419,6.47129032258065,18.7061290322581,16.3046666666667,7.25333333333333,14.2822580645161,8.13466666666667,2.048,-7.00333333333333,158.612903225806,77.5806451612903,1.2258064516129,1
"164","1632.2",17.3205882352941,8.11411764705882,9.27,3.26764705882353,9.84823529411765,7.59588235294118,8.23058823529412,5.88117647058824,1.32,1.71470588235294,2.34941176470588,96.2941176470588,110.294117647059,3.17647058823529,3.23529411764706
"165","1632.2",13.3233333333333,3.20895833333333,8.11666666666667,0.695,8.42708333333333,10.5627083333333,8.67541666666667,6.33854166666667,0.910625,4.22416666666667,2.336875,182.25,160.520833333333,1,17.3125
"166","1632.2",27.1592957746479,1.90887323943662,15.5398591549296,1.25,15.7114084507042,12.5267605633803,9.97070422535211,5.35464788732394,0.956619718309859,7.17211267605634,4.61605633802817,221.056338028169,167.154929577465,1.01408450704225,27.1830985915493
"167","1632.2",17.307,7.741,3.553,2.675,3.15,2.875,2.48,3.307,0.887,-0.392727272727273,-0.751818181818182,188.454545454545,141.818181818182,2.36363636363636,3.54545454545455
"168","1632.2",16.39,16.39,3.57894736842105,8.00631578947368,7.35184210526316,2.54710526315789,4.14078947368421,0,0,2.54710526315789,4.14078947368421,90.8947368421053,153.947368421053,1.44736842105263,1.21052631578947
"169","1632.2",9.4062962962963,9.4062962962963,1.48740740740741,4.10351851851852,3.88166666666667,2.51537037037037,2.8587037037037,0,0,2.51537037037037,2.8587037037037,55.7241379310345,147.758620689655,1.1551724137931,1.05172413793103
"170","1632.2",16.5276119402985,16.5276119402985,8.07283582089552,8.00268656716418,9.69417910447761,3.73731343283582,4.97492537313433,0,0,3.73731343283582,4.97492537313433,341.727272727273,159.787878787879,2.27272727272727,1.08695652173913
"171","1632.2",17.643125,17.643125,11.1004166666667,10.9466666666667,12.378125,5.50291666666667,6.525625,0,0,5.50291666666667,6.525625,133.666666666667,159.411764705882,1.11764705882353,1.03921568627451
"172","1632.2",20.6976470588235,1.99676470588235,12.6611764705882,1.77058823529412,12.6611764705882,9.55970588235294,8.22705882352941,4.065,0.456764705882353,5.49470588235294,4.16205882352941,193.470588235294,154.117647058824,1.26470588235294,22.1851851851852
"173","1632.2",14.1988888888889,4.05714285714286,5.93492063492064,1.80396825396825,5.93709677419355,5.61161290322581,6.11524590163934,4.19667741935484,1.32387096774194,1.41493548387097,1.92681967213115,68.1774193548387,137.096774193548,6.7258064516129,1.2741935483871
"174","1632.2",23.0608196721311,4.32688524590164,14.4490163934426,2.7016393442623,14.8624590163934,12.1473770491803,12.2647540983607,9.66786885245902,1.70770491803279,2.47950819672131,2.59688524590164,145.935483870968,158.467741935484,1.16393442622951,27.0819672131148
"175","1632.2",17.8246774193548,5.20596774193548,7.62709677419355,3.34177419354839,8.49467741935484,5.04177419354839,5.39274193548387,4.94258064516129,1.6358064516129,0.0991935483870968,0.450161290322581,101.734375,158.875,1,14.609375
"176","1632.2",8.64333333333333,4.22133333333333,3.93133333333333,2.254,3.71866666666667,2.67066666666667,2.71,2.63266666666667,2.466,0.038,0.0773333333333333,102.294117647059,147.352941176471,1,2.64705882352941
"177","1632.2",15.2875,5.43045454545455,3.07,3.52818181818182,3.52545454545455,3.98136363636364,3.99,2.20954545454545,1.605,1.77181818181818,1.78045454545455,102.37037037037,140.185185185185,2.25925925925926,1.22222222222222
"178","1632.3",37.9042857142857,1.22666666666667,2.26904761904762,0.468571428571429,1.70619047619048,1.8947619047619,1.80761904761905,1.37285714285714,0.599047619047619,0.521904761904762,0.434761904761905,301.275862068966,174.655172413793,5.09523809523809,45.5238095238095
"179","1632.3",16.2106451612903,14.4803225806452,18.3738709677419,6.47129032258065,18.7061290322581,16.3046666666667,7.25333333333333,14.2822580645161,8.13466666666667,2.048,-7.00333333333333,158.612903225806,77.5806451612903,1.2258064516129,1
"180","1632.3",17.3205882352941,8.11411764705882,9.27,3.26764705882353,9.84823529411765,7.59588235294118,8.23058823529412,5.88117647058824,1.32,1.71470588235294,2.34941176470588,96.2941176470588,110.294117647059,3.17647058823529,3.23529411764706
"181","1632.3",14.8914285714286,0.804285714285714,8.17428571428571,0.227142857142857,7.85285714285714,7.39,5.56142857142857,2.88142857142857,0.44,4.50857142857143,2.68,174.571428571429,170,1,26.7142857142857
"182","1632.3",13.3233333333333,3.20895833333333,8.11666666666667,0.695,8.42708333333333,10.5627083333333,8.67541666666667,6.33854166666667,0.910625,4.22416666666667,2.336875,182.25,160.520833333333,1,17.3125
"183","1632.3",26.9728571428571,20.3,8.89357142857143,5.23464285714286,11.2371428571429,8.72214285714286,8.7675,0,0,8.72214285714286,8.7675,265.214285714286,162.142857142857,1.82142857142857,1
"184","1632.3",27.1592957746479,1.90887323943662,15.5398591549296,1.25,15.7114084507042,12.5267605633803,9.97070422535211,5.35464788732394,0.956619718309859,7.17211267605634,4.61605633802817,221.056338028169,167.154929577465,1.01408450704225,27.1830985915493
"185","1632.3",38.9433333333333,0.911481481481481,2.70518518518519,0.417407407407407,2.71185185185185,2.46888888888889,2.49074074074074,2.1262962962963,0.618148148148148,0.342592592592593,0.364444444444444,294.222222222222,170.740740740741,1.11111111111111,52.4444444444444
"186","1632.3",16.39,16.39,3.57894736842105,8.00631578947368,7.35184210526316,2.54710526315789,4.14078947368421,0,0,2.54710526315789,4.14078947368421,90.8947368421053,153.947368421053,1.44736842105263,1.21052631578947
"187","1632.3",9.4062962962963,9.4062962962963,1.48740740740741,4.10351851851852,3.88166666666667,2.51537037037037,2.8587037037037,0,0,2.51537037037037,2.8587037037037,55.7241379310345,147.758620689655,1.1551724137931,1.05172413793103
"188","1632.3",16.5276119402985,16.5276119402985,8.07283582089552,8.00268656716418,9.69417910447761,3.73731343283582,4.97492537313433,0,0,3.73731343283582,4.97492537313433,341.727272727273,159.787878787879,2.27272727272727,1.08695652173913
"189","1632.3",17.643125,17.643125,11.1004166666667,10.9466666666667,12.378125,5.50291666666667,6.525625,0,0,5.50291666666667,6.525625,133.666666666667,159.411764705882,1.11764705882353,1.03921568627451
"190","1632.3",9.51285714285714,9.51285714285714,5.22714285714286,2.10428571428571,5.99571428571429,3.43428571428571,4.82571428571429,0,0,3.43428571428571,4.82571428571429,357.428571428571,146.428571428571,3.57142857142857,1
"191","1632.3",20.6976470588235,1.99676470588235,12.6611764705882,1.77058823529412,12.6611764705882,9.55970588235294,8.22705882352941,4.065,0.456764705882353,5.49470588235294,4.16205882352941,193.470588235294,154.117647058824,1.26470588235294,22.1851851851852
"192","1632.3",33.1728571428571,15.7728571428571,17.5171428571429,7.03428571428571,18.1214285714286,14.4314285714286,14.6571428571429,13.3028571428571,2.57857142857143,1.98857142857143,-4.30666666666667,369.642857142857,122.142857142857,2.71428571428571,2.71428571428571
"193","1632.3",14.1988888888889,4.05714285714286,5.93492063492064,1.80396825396825,5.93709677419355,5.61161290322581,6.11524590163934,4.19667741935484,1.32387096774194,1.41493548387097,1.92681967213115,68.1774193548387,137.096774193548,6.7258064516129,1.2741935483871
"194","1632.3",23.0608196721311,4.32688524590164,14.4490163934426,2.7016393442623,14.8624590163934,12.1473770491803,12.2647540983607,9.66786885245902,1.70770491803279,2.47950819672131,2.59688524590164,145.935483870968,158.467741935484,1.16393442622951,27.0819672131148
"195","1632.3",17.8246774193548,5.20596774193548,7.62709677419355,3.34177419354839,8.49467741935484,5.04177419354839,5.39274193548387,4.94258064516129,1.6358064516129,0.0991935483870968,0.450161290322581,101.734375,158.875,1,14.609375
"196","1632.3",30.1514285714286,30.1528571428571,16.1985714285714,19.1,19.12,7.97428571428571,10.4485714285714,30.1528571428571,30.1514285714286,-22.1785714285714,-19.7042857142857,331.428571428571,157.857142857143,1,1
"197","1860.1",37.9042857142857,1.22666666666667,2.26904761904762,0.468571428571429,1.70619047619048,1.8947619047619,1.80761904761905,1.37285714285714,0.599047619047619,0.521904761904762,0.434761904761905,301.275862068966,174.655172413793,5.09523809523809,45.5238095238095
"198","1860.1",17.9437209302326,3.56511627906977,1.54093023255814,1.10232558139535,1.28325581395349,1.61,1.55744186046512,1.44744186046512,0.694418604651163,0.162558139534884,0.11,103.829268292683,157.19512195122,8.80487804878049,7.24390243902439
"199","1860.1",29.5620833333333,29.5620833333333,15.9275,10.6647916666667,19.421875,9.38270833333333,10.0910416666667,0,0,9.38270833333333,10.0910416666667,131.536585365854,164.390243902439,1,1
"200","1860.1",30.2155,3.71025,3.64725,1.78175,3.60375,5.491375,2.92025,2.053,2.904,3.438375,0.86725,111.4,64.375,1.05,15.45
"201","1860.1",17.6788461538462,2.79076923076923,0.7332,1.05730769230769,1.25961538461538,1.19722222222222,1.39588235294118,0,0,1.19722222222222,1.39588235294118,336.125,163.541666666667,6.20833333333333,14.0416666666667
"202","1860.1",27.1902941176471,2.00970588235294,14.4664705882353,1.72470588235294,14.4664705882353,10.1761764705882,7.96441176470588,4.09147058823529,0.893235294117647,6.08470588235294,3.87294117647059,191.470588235294,170.147058823529,1.02941176470588,38.8823529411765
"203","1860.1",18.6828571428571,3.62904761904762,1.13952380952381,1.07095238095238,1.62333333333333,0.696190476190476,1.03666666666667,0.981904761904762,2.72761904761905,-0.285714285714286,0.0547619047619048,119.666666666667,159.285714285714,6.76190476190476,4.19047619047619
"204","1860.1",32.0295238095238,32.0295238095238,48.2719047619048,9.28571428571429,51.5933333333333,39.3857142857143,35.1961904761905,42.6709523809524,15.0038095238095,-3.2852380952381,-7.4747619047619,86.2857142857143,123.571428571429,1,1
"205","1860.1",25.0923529411765,25.0923529411765,11.0723529411765,13.4761764705882,13.0094117647059,7.35294117647059,8.15647058823529,0,0,7.35294117647059,8.15647058823529,187.625,147.291666666667,1.29166666666667,1
"206","1860.1",20.294,2.9365,17.7975,2.959,17.7975,13.4895,9.115,5.486,0.538,8.0035,3.629,198.9,167,1,35.2
"207","1860.1",27.1592957746479,1.90887323943662,15.5398591549296,1.25,15.7114084507042,12.5267605633803,9.97070422535211,5.35464788732394,0.956619718309859,7.17211267605634,4.61605633802817,221.056338028169,167.154929577465,1.01408450704225,27.1830985915493
"208","1860.1",10.7009523809524,5.98,3.94190476190476,1.92071428571429,4.64857142857143,3.21380952380952,3.15619047619048,2.33238095238095,2.05380952380952,0.881428571428571,0.823809523809524,18.1285714285714,144.047619047619,1.14285714285714,5.42857142857143
"209","1860.1",10.4059574468085,2.54063829787234,3.21255319148936,1.4568085106383,2.93702127659574,3.26595744680851,2.04585106382979,2.141,1.76066666666667,1.31125,0.080875,123.553191489362,135.212765957447,1,13.925
"210","1860.1",16.39,16.39,3.57894736842105,8.00631578947368,7.35184210526316,2.54710526315789,4.14078947368421,0,0,2.54710526315789,4.14078947368421,90.8947368421053,153.947368421053,1.44736842105263,1.21052631578947
"211","1860.1",9.4062962962963,9.4062962962963,1.48740740740741,4.10351851851852,3.88166666666667,2.51537037037037,2.8587037037037,0,0,2.51537037037037,2.8587037037037,55.7241379310345,147.758620689655,1.1551724137931,1.05172413793103
"212","1860.1",16.5276119402985,16.5276119402985,8.07283582089552,8.00268656716418,9.69417910447761,3.73731343283582,4.97492537313433,0,0,3.73731343283582,4.97492537313433,341.727272727273,159.787878787879,2.27272727272727,1.08695652173913
"213","1860.1",17.643125,17.643125,11.1004166666667,10.9466666666667,12.378125,5.50291666666667,6.525625,0,0,5.50291666666667,6.525625,133.666666666667,159.411764705882,1.11764705882353,1.03921568627451
"214","1860.1",38.758,14.104,15.165,5.647,16.263,8.098,9.885,10.284,3.941,-2.186,-0.399,447.5,97.5,1,11.8
"215","1860.1",20.6976470588235,1.99676470588235,12.6611764705882,1.77058823529412,12.6611764705882,9.55970588235294,8.22705882352941,4.065,0.456764705882353,5.49470588235294,4.16205882352941,193.470588235294,154.117647058824,1.26470588235294,22.1851851851852
"216","1860.1",13.0071428571429,10.31,14.0852380952381,10.31,14.12,9.01523809523809,6.39761904761905,11.7747619047619,6.56333333333333,-2.75952380952381,-5.37714285714286,75.5238095238095,13.3333333333333,1.19047619047619,1
"217","1860.1",23.0608196721311,4.32688524590164,14.4490163934426,2.7016393442623,14.8624590163934,12.1473770491803,12.2647540983607,9.66786885245902,1.70770491803279,2.47950819672131,2.59688524590164,145.935483870968,158.467741935484,1.16393442622951,27.0819672131148
"218","1860.1",17.8246774193548,5.20596774193548,7.62709677419355,3.34177419354839,8.49467741935484,5.04177419354839,5.39274193548387,4.94258064516129,1.6358064516129,0.0991935483870968,0.450161290322581,101.734375,158.875,1,14.609375
"219","1860.2",17.9437209302326,3.56511627906977,1.54093023255814,1.10232558139535,1.28325581395349,1.61,1.55744186046512,1.44744186046512,0.694418604651163,0.162558139534884,0.11,103.829268292683,157.19512195122,8.80487804878049,7.24390243902439
"220","1860.2",29.5620833333333,29.5620833333333,15.9275,10.6647916666667,19.421875,9.38270833333333,10.0910416666667,0,0,9.38270833333333,10.0910416666667,131.536585365854,164.390243902439,1,1
"221","1860.2",30.2155,3.71025,3.64725,1.78175,3.60375,5.491375,2.92025,2.053,2.904,3.438375,0.86725,111.4,64.375,1.05,15.45
"222","1860.2",16.2106451612903,14.4803225806452,18.3738709677419,6.47129032258065,18.7061290322581,16.3046666666667,7.25333333333333,14.2822580645161,8.13466666666667,2.048,-7.00333333333333,158.612903225806,77.5806451612903,1.2258064516129,1
"223","1860.2",19.985,10.866,5.972,4.099,7.253,6.15777777777778,5.963,0,0,6.15777777777778,5.963,172,173,1,6.5
"224","1860.2",17.6788461538462,2.79076923076923,0.7332,1.05730769230769,1.25961538461538,1.19722222222222,1.39588235294118,0,0,1.19722222222222,1.39588235294118,336.125,163.541666666667,6.20833333333333,14.0416666666667
"225","1860.2",25.0923529411765,25.0923529411765,11.0723529411765,13.4761764705882,13.0094117647059,7.35294117647059,8.15647058823529,0,0,7.35294117647059,8.15647058823529,187.625,147.291666666667,1.29166666666667,1
"226","1860.2",20.294,2.9365,17.7975,2.959,17.7975,13.4895,9.115,5.486,0.538,8.0035,3.629,198.9,167,1,35.2
"227","1860.2",27.1592957746479,1.90887323943662,15.5398591549296,1.25,15.7114084507042,12.5267605633803,9.97070422535211,5.35464788732394,0.956619718309859,7.17211267605634,4.61605633802817,221.056338028169,167.154929577465,1.01408450704225,27.1830985915493
"228","1860.2",16.39,16.39,3.57894736842105,8.00631578947368,7.35184210526316,2.54710526315789,4.14078947368421,0,0,2.54710526315789,4.14078947368421,90.8947368421053,153.947368421053,1.44736842105263,1.21052631578947
"229","1860.2",16.5276119402985,16.5276119402985,8.07283582089552,8.00268656716418,9.69417910447761,3.73731343283582,4.97492537313433,0,0,3.73731343283582,4.97492537313433,341.727272727273,159.787878787879,2.27272727272727,1.08695652173913
"230","1860.2",38.758,14.104,15.165,5.647,16.263,8.098,9.885,10.284,3.941,-2.186,-0.399,447.5,97.5,1,11.8
"231","1860.2",240.705882352941,2.51294117647059,2.93264705882353,1.33588235294118,2.57823529411765,2.16588235294118,2.65470588235294,0,0,2.16588235294118,2.65470588235294,783.588235294118,68.2352941176471,4.76470588235294,34.2941176470588
"232","1860.2",20.6976470588235,1.99676470588235,12.6611764705882,1.77058823529412,12.6611764705882,9.55970588235294,8.22705882352941,4.065,0.456764705882353,5.49470588235294,4.16205882352941,193.470588235294,154.117647058824,1.26470588235294,22.1851851851852
"233","1860.2",20.6490322580645,10.1941935483871,2.78387096774194,5.47032258064516,5.12612903225806,5.71,5.37166666666667,1.56741935483871,1.07064516129032,4.14066666666667,3.81233333333333,174.903225806452,140.967741935484,3.58064516129032,1.64516129032258
"234","1860.3",37.9042857142857,1.22666666666667,2.26904761904762,0.468571428571429,1.70619047619048,1.8947619047619,1.80761904761905,1.37285714285714,0.599047619047619,0.521904761904762,0.434761904761905,301.275862068966,174.655172413793,5.09523809523809,45.5238095238095
"235","1860.3",17.9437209302326,3.56511627906977,1.54093023255814,1.10232558139535,1.28325581395349,1.61,1.55744186046512,1.44744186046512,0.694418604651163,0.162558139534884,0.11,103.829268292683,157.19512195122,8.80487804878049,7.24390243902439
"236","1860.3",30.2155,3.71025,3.64725,1.78175,3.60375,5.491375,2.92025,2.053,2.904,3.438375,0.86725,111.4,64.375,1.05,15.45
"237","1860.3",16.2106451612903,14.4803225806452,18.3738709677419,6.47129032258065,18.7061290322581,16.3046666666667,7.25333333333333,14.2822580645161,8.13466666666667,2.048,-7.00333333333333,158.612903225806,77.5806451612903,1.2258064516129,1
"238","1860.3",17.6788461538462,2.79076923076923,0.7332,1.05730769230769,1.25961538461538,1.19722222222222,1.39588235294118,0,0,1.19722222222222,1.39588235294118,336.125,163.541666666667,6.20833333333333,14.0416666666667
"239","1860.3",27.1902941176471,2.00970588235294,14.4664705882353,1.72470588235294,14.4664705882353,10.1761764705882,7.96441176470588,4.09147058823529,0.893235294117647,6.08470588235294,3.87294117647059,191.470588235294,170.147058823529,1.02941176470588,38.8823529411765
"240","1860.3",18.6828571428571,3.62904761904762,1.13952380952381,1.07095238095238,1.62333333333333,0.696190476190476,1.03666666666667,0.981904761904762,2.72761904761905,-0.285714285714286,0.0547619047619048,119.666666666667,159.285714285714,6.76190476190476,4.19047619047619
"241","1860.3",25.0923529411765,25.0923529411765,11.0723529411765,13.4761764705882,13.0094117647059,7.35294117647059,8.15647058823529,0,0,7.35294117647059,8.15647058823529,187.625,147.291666666667,1.29166666666667,1
"242","1860.3",27.1592957746479,1.90887323943662,15.5398591549296,1.25,15.7114084507042,12.5267605633803,9.97070422535211,5.35464788732394,0.956619718309859,7.17211267605634,4.61605633802817,221.056338028169,167.154929577465,1.01408450704225,27.1830985915493
"243","1860.3",10.4059574468085,2.54063829787234,3.21255319148936,1.4568085106383,2.93702127659574,3.26595744680851,2.04585106382979,2.141,1.76066666666667,1.31125,0.080875,123.553191489362,135.212765957447,1,13.925
"244","1860.3",16.39,16.39,3.57894736842105,8.00631578947368,7.35184210526316,2.54710526315789,4.14078947368421,0,0,2.54710526315789,4.14078947368421,90.8947368421053,153.947368421053,1.44736842105263,1.21052631578947
"245","1860.3",21.2337037037037,21.4869230769231,20.3481481481481,10.09,20.6744444444444,4.42666666666667,5.77962962962963,11.0907407407407,2.98333333333333,-6.66407407407407,-5.31111111111111,27.9259259259259,116.481481481481,1,1.03703703703704
"246","1860.3",16.5276119402985,16.5276119402985,8.07283582089552,8.00268656716418,9.69417910447761,3.73731343283582,4.97492537313433,0,0,3.73731343283582,4.97492537313433,341.727272727273,159.787878787879,2.27272727272727,1.08695652173913
"247","1860.3",17.643125,17.643125,11.1004166666667,10.9466666666667,12.378125,5.50291666666667,6.525625,0,0,5.50291666666667,6.525625,133.666666666667,159.411764705882,1.11764705882353,1.03921568627451
"248","1860.3",38.758,14.104,15.165,5.647,16.263,8.098,9.885,10.284,3.941,-2.186,-0.399,447.5,97.5,1,11.8
"249","1860.3",161.53,2.02862068965517,1.81068965517241,1.19655172413793,1.75465517241379,1.68088235294118,2.55583333333333,0,0,1.68088235294118,2.55583333333333,482.754716981132,82.4528301886792,6.30769230769231,21.7115384615385
"250","1860.3",240.705882352941,2.51294117647059,2.93264705882353,1.33588235294118,2.57823529411765,2.16588235294118,2.65470588235294,0,0,2.16588235294118,2.65470588235294,783.588235294118,68.2352941176471,4.76470588235294,34.2941176470588
"251","1860.3",35.1705882352941,8.73588235294118,3.97,1.90882352941176,4.76117647058824,2.51647058823529,2.74058823529412,0,0,2.51647058823529,2.74058823529412,87.7058823529412,160,4.11764705882353,2.76470588235294
"252","1860.3",13.0071428571429,10.31,14.0852380952381,10.31,14.12,9.01523809523809,6.39761904761905,11.7747619047619,6.56333333333333,-2.75952380952381,-5.37714285714286,75.5238095238095,13.3333333333333,1.19047619047619,1
"253","1860.3",17.8246774193548,5.20596774193548,7.62709677419355,3.34177419354839,8.49467741935484,5.04177419354839,5.39274193548387,4.94258064516129,1.6358064516129,0.0991935483870968,0.450161290322581,101.734375,158.875,1,14.609375
"254","1860.3",18.0135294117647,1.28470588235294,3.27,0.501764705882353,3.29235294117647,3.78647058823529,2.98176470588235,2.75,0.581764705882353,1.03647058823529,0.231764705882353,147.647058823529,155.294117647059,2.29411764705882,24.1
"255","2080.1",16.69125,16.70075,17.89025,7.17425,18.35,16.3745,6.73275,14.39475,10.51675,1.97975,-7.662,114.725,78.875,1,1
"256","2080.1",20.294,2.9365,17.7975,2.959,17.7975,13.4895,9.115,5.486,0.538,8.0035,3.629,198.9,167,1,35.2
"257","2080.1",27.1592957746479,1.90887323943662,15.5398591549296,1.25,15.7114084507042,12.5267605633803,9.97070422535211,5.35464788732394,0.956619718309859,7.17211267605634,4.61605633802817,221.056338028169,167.154929577465,1.01408450704225,27.1830985915493
"258","2080.1",18.502,2.9875,11.1765,2.9875,11.1765,10.4015,8.0175,11.1765,1.945,-0.775,-3.159,130.35,147,1,8
"259","2080.1",16.5276119402985,16.5276119402985,8.07283582089552,8.00268656716418,9.69417910447761,3.73731343283582,4.97492537313433,0,0,3.73731343283582,4.97492537313433,341.727272727273,159.787878787879,2.27272727272727,1.08695652173913
"260","2080.1",14.1988888888889,4.05714285714286,5.93492063492064,1.80396825396825,5.93709677419355,5.61161290322581,6.11524590163934,4.19667741935484,1.32387096774194,1.41493548387097,1.92681967213115,68.1774193548387,137.096774193548,6.7258064516129,1.2741935483871
"261","2080.1",23.0608196721311,4.32688524590164,14.4490163934426,2.7016393442623,14.8624590163934,12.1473770491803,12.2647540983607,9.66786885245902,1.70770491803279,2.47950819672131,2.59688524590164,145.935483870968,158.467741935484,1.16393442622951,27.0819672131148
"262","2080.2",17.9437209302326,3.56511627906977,1.54093023255814,1.10232558139535,1.28325581395349,1.61,1.55744186046512,1.44744186046512,0.694418604651163,0.162558139534884,0.11,103.829268292683,157.19512195122,8.80487804878049,7.24390243902439
"263","2080.2",29.5620833333333,29.5620833333333,15.9275,10.6647916666667,19.421875,9.38270833333333,10.0910416666667,0,0,9.38270833333333,10.0910416666667,131.536585365854,164.390243902439,1,1
"264","2080.2",30.6585714285714,30.6585714285714,11.2657142857143,11.79,16.5271428571429,7.47,9.99857142857143,0,0,7.47,9.99857142857143,149.428571428571,158.571428571429,2.85714285714286,1
"265","2080.2",16.69125,16.70075,17.89025,7.17425,18.35,16.3745,6.73275,14.39475,10.51675,1.97975,-7.662,114.725,78.875,1,1
"266","2080.2",27.1902941176471,2.00970588235294,14.4664705882353,1.72470588235294,14.4664705882353,10.1761764705882,7.96441176470588,4.09147058823529,0.893235294117647,6.08470588235294,3.87294117647059,191.470588235294,170.147058823529,1.02941176470588,38.8823529411765
"267","2080.2",32.0295238095238,32.0295238095238,48.2719047619048,9.28571428571429,51.5933333333333,39.3857142857143,35.1961904761905,42.6709523809524,15.0038095238095,-3.2852380952381,-7.4747619047619,86.2857142857143,123.571428571429,1,1
"268","2080.2",25.0923529411765,25.0923529411765,11.0723529411765,13.4761764705882,13.0094117647059,7.35294117647059,8.15647058823529,0,0,7.35294117647059,8.15647058823529,187.625,147.291666666667,1.29166666666667,1
"269","2080.2",20.294,2.9365,17.7975,2.959,17.7975,13.4895,9.115,5.486,0.538,8.0035,3.629,198.9,167,1,35.2
"270","2080.2",13.3233333333333,3.20895833333333,8.11666666666667,0.695,8.42708333333333,10.5627083333333,8.67541666666667,6.33854166666667,0.910625,4.22416666666667,2.336875,182.25,160.520833333333,1,17.3125
"271","2080.2",27.1592957746479,1.90887323943662,15.5398591549296,1.25,15.7114084507042,12.5267605633803,9.97070422535211,5.35464788732394,0.956619718309859,7.17211267605634,4.61605633802817,221.056338028169,167.154929577465,1.01408450704225,27.1830985915493
"272","2080.2",18.502,2.9875,11.1765,2.9875,11.1765,10.4015,8.0175,11.1765,1.945,-0.775,-3.159,130.35,147,1,8
"273","2080.2",16.39,16.39,3.57894736842105,8.00631578947368,7.35184210526316,2.54710526315789,4.14078947368421,0,0,2.54710526315789,4.14078947368421,90.8947368421053,153.947368421053,1.44736842105263,1.21052631578947
"274","2080.2",9.4062962962963,9.4062962962963,1.48740740740741,4.10351851851852,3.88166666666667,2.51537037037037,2.8587037037037,0,0,2.51537037037037,2.8587037037037,55.7241379310345,147.758620689655,1.1551724137931,1.05172413793103
"275","2080.2",16.5276119402985,16.5276119402985,8.07283582089552,8.00268656716418,9.69417910447761,3.73731343283582,4.97492537313433,0,0,3.73731343283582,4.97492537313433,341.727272727273,159.787878787879,2.27272727272727,1.08695652173913
"276","2080.2",17.643125,17.643125,11.1004166666667,10.9466666666667,12.378125,5.50291666666667,6.525625,0,0,5.50291666666667,6.525625,133.666666666667,159.411764705882,1.11764705882353,1.03921568627451
"277","2080.2",14.1988888888889,4.05714285714286,5.93492063492064,1.80396825396825,5.93709677419355,5.61161290322581,6.11524590163934,4.19667741935484,1.32387096774194,1.41493548387097,1.92681967213115,68.1774193548387,137.096774193548,6.7258064516129,1.2741935483871
"278","2080.2",12.4754285714286,12.56,4.35555555555556,4.69333333333333,9.86833333333333,4.06722222222222,3.51305555555556,4.35555555555556,2.20611111111111,-0.288333333333333,-0.8425,73.7777777777778,59.5833333333333,1.05555555555556,1
"279","2080.3",17.9437209302326,3.56511627906977,1.54093023255814,1.10232558139535,1.28325581395349,1.61,1.55744186046512,1.44744186046512,0.694418604651163,0.162558139534884,0.11,103.829268292683,157.19512195122,8.80487804878049,7.24390243902439
"280","2080.3",29.5620833333333,29.5620833333333,15.9275,10.6647916666667,19.421875,9.38270833333333,10.0910416666667,0,0,9.38270833333333,10.0910416666667,131.536585365854,164.390243902439,1,1
"281","2080.3",16.69125,16.70075,17.89025,7.17425,18.35,16.3745,6.73275,14.39475,10.51675,1.97975,-7.662,114.725,78.875,1,1
"282","2080.3",32.0295238095238,32.0295238095238,48.2719047619048,9.28571428571429,51.5933333333333,39.3857142857143,35.1961904761905,42.6709523809524,15.0038095238095,-3.2852380952381,-7.4747619047619,86.2857142857143,123.571428571429,1,1
"283","2080.3",25.0923529411765,25.0923529411765,11.0723529411765,13.4761764705882,13.0094117647059,7.35294117647059,8.15647058823529,0,0,7.35294117647059,8.15647058823529,187.625,147.291666666667,1.29166666666667,1
"284","2080.3",26.9728571428571,20.3,8.89357142857143,5.23464285714286,11.2371428571429,8.72214285714286,8.7675,0,0,8.72214285714286,8.7675,265.214285714286,162.142857142857,1.82142857142857,1
"285","2080.3",27.1592957746479,1.90887323943662,15.5398591549296,1.25,15.7114084507042,12.5267605633803,9.97070422535211,5.35464788732394,0.956619718309859,7.17211267605634,4.61605633802817,221.056338028169,167.154929577465,1.01408450704225,27.1830985915493
"286","2080.3",18.502,2.9875,11.1765,2.9875,11.1765,10.4015,8.0175,11.1765,1.945,-0.775,-3.159,130.35,147,1,8
"287","2080.3",9.4062962962963,9.4062962962963,1.48740740740741,4.10351851851852,3.88166666666667,2.51537037037037,2.8587037037037,0,0,2.51537037037037,2.8587037037037,55.7241379310345,147.758620689655,1.1551724137931,1.05172413793103
"288","2080.3",16.5276119402985,16.5276119402985,8.07283582089552,8.00268656716418,9.69417910447761,3.73731343283582,4.97492537313433,0,0,3.73731343283582,4.97492537313433,341.727272727273,159.787878787879,2.27272727272727,1.08695652173913
"289","2080.3",17.643125,17.643125,11.1004166666667,10.9466666666667,12.378125,5.50291666666667,6.525625,0,0,5.50291666666667,6.525625,133.666666666667,159.411764705882,1.11764705882353,1.03921568627451
"290","2080.3",8.55313725490196,8.55313725490196,8.03509803921569,2.71235294117647,5.87686274509804,6.63048780487805,8.63913043478261,5.77137254901961,2.2278431372549,0.779756097560976,2.65173913043478,13.3137254901961,160,1,2.2156862745098
"291","2080.3",16.9774074074074,16.9774074074074,17.5218518518519,6.55555555555556,20.897037037037,18.7751851851852,17.4418518518519,13.8303703703704,5.06074074074074,4.94481481481481,3.61148148148148,264.111111111111,120.37037037037,2.88888888888889,1.18518518518519
"292","2080.3",14.1988888888889,4.05714285714286,5.93492063492064,1.80396825396825,5.93709677419355,5.61161290322581,6.11524590163934,4.19667741935484,1.32387096774194,1.41493548387097,1.92681967213115,68.1774193548387,137.096774193548,6.7258064516129,1.2741935483871
"293","2080.3",17.8246774193548,5.20596774193548,7.62709677419355,3.34177419354839,8.49467741935484,5.04177419354839,5.39274193548387,4.94258064516129,1.6358064516129,0.0991935483870968,0.450161290322581,101.734375,158.875,1,14.609375
"294","2080.3",5.29357142857143,5.29357142857143,4.42291666666667,5.3125,4.35375,4.45642857142857,3.07892857142857,4.315,2.25821428571429,0.141428571428571,-1.23607142857143,159.357142857143,18.3928571428571,1.21428571428571,1
"295","2080.3",306.9,14.792,9.927,4.705,9.324,3.062,4.303,9.927,14.792,-6.865,-5.624,763.6,146,7.4,7.7
"296","2283.1",39.9142857142857,8.65571428571429,19.3,8.10714285714286,12.2642857142857,6.70571428571429,8.70571428571429,7.59571428571429,7.63428571428571,-0.89,1.11,454.285714285714,85.7142857142857,16,1
"297","2283.1",11.8257142857143,6.28642857142857,3.88428571428571,2.32928571428571,4.49214285714286,2.03571428571429,2.37928571428571,2.99785714285714,0.832142857142857,-0.962142857142857,-0.618571428571429,57,175,2.71428571428571,1.42857142857143
"298","2283.1",30.8,20.1178571428571,22.8835714285714,7.84857142857143,24.9121428571429,21.5065714285714,11.4214285714286,16.4764285714286,11.0528571428571,5.03014285714286,-5.055,201.785714285714,35.7142857142857,3.21428571428571,1
"299","2283.1",16.69125,16.70075,17.89025,7.17425,18.35,16.3745,6.73275,14.39475,10.51675,1.97975,-7.662,114.725,78.875,1,1
"300","2283.1",27.0585714285714,3,18.8128571428571,0.598571428571429,18.8371428571429,26.3014285714286,19.4071428571429,14.8171428571429,1.13714285714286,11.4842857142857,4.59,488,147,4.28571428571429,63.4285714285714
"301","2283.1",27.1902941176471,2.00970588235294,14.4664705882353,1.72470588235294,14.4664705882353,10.1761764705882,7.96441176470588,4.09147058823529,0.893235294117647,6.08470588235294,3.87294117647059,191.470588235294,170.147058823529,1.02941176470588,38.8823529411765
"302","2283.1",10.636,4.86142857142857,6.53214285714286,2.33321428571429,7.30571428571429,6.11946428571429,5.87571428571429,5.43803571428571,1.80964285714286,0.681428571428571,0.437678571428571,59.8947368421053,123.245614035088,2.50877192982456,1
"303","2283.1",9.465,9.465,9.62214285714286,3.77214285714286,9.52714285714286,6.58285714285714,7.52571428571429,5.80928571428571,5.86714285714286,0.773571428571429,1.71642857142857,90.6470588235294,163.529411764706,1,1
"304","2283.1",32.0295238095238,32.0295238095238,48.2719047619048,9.28571428571429,51.5933333333333,39.3857142857143,35.1961904761905,42.6709523809524,15.0038095238095,-3.2852380952381,-7.4747619047619,86.2857142857143,123.571428571429,1,1
"305","2283.1",57.2714285714286,26.1271428571429,27.8385714285714,8.04142857142857,29.8885714285714,26.0285714285714,22.3471428571429,20.7657142857143,7.40428571428571,5.26285714285714,1.58142857142857,NA,NA,NA,NA
"306","2283.1",25.0923529411765,25.0923529411765,11.0723529411765,13.4761764705882,13.0094117647059,7.35294117647059,8.15647058823529,0,0,7.35294117647059,8.15647058823529,187.625,147.291666666667,1.29166666666667,1
"307","2283.1",27.1592957746479,1.90887323943662,15.5398591549296,1.25,15.7114084507042,12.5267605633803,9.97070422535211,5.35464788732394,0.956619718309859,7.17211267605634,4.61605633802817,221.056338028169,167.154929577465,1.01408450704225,27.1830985915493
"308","2283.1",23.3921428571429,3.05357142857143,1.22714285714286,0.942857142857143,1.25928571428571,1.316,1.82,0,0,1.316,1.82,176.5,158.214285714286,1.28571428571429,80.7142857142857
"309","2283.1",16.4760714285714,6.96535714285714,4.31785714285714,2.6875,3.16,2.15142857142857,2.80428571428571,3.10535714285714,1.06607142857143,-0.953928571428571,-0.301071428571429,91.3928571428571,149.107142857143,2.22222222222222,6.5
"310","2283.1",19.1703571428571,19.1789285714286,8.00821428571428,7.86785714285714,10.6471428571429,6.50535714285714,6.48428571428571,0,0,6.50535714285714,6.48428571428571,138.607142857143,171.964285714286,1.03571428571429,1
"311","2283.1",16.39,16.39,3.57894736842105,8.00631578947368,7.35184210526316,2.54710526315789,4.14078947368421,0,0,2.54710526315789,4.14078947368421,90.8947368421053,153.947368421053,1.44736842105263,1.21052631578947
"312","2283.1",11.9914285714286,11.9914285714286,5.21285714285714,5.65857142857143,5.55,3.47714285714286,3.71285714285714,0,0,3.47714285714286,3.71285714285714,93,160,3.42857142857143,3.42857142857143
"313","2283.1",17.643125,17.643125,11.1004166666667,10.9466666666667,12.378125,5.50291666666667,6.525625,0,0,5.50291666666667,6.525625,133.666666666667,159.411764705882,1.11764705882353,1.03921568627451
"314","2283.1",22.091,8.746,16.611,2.092,13.984,14.976,16.448,8.984,1.479,5.992,7.464,157,113,4.9,1.1
"315","2283.1",14.1988888888889,4.05714285714286,5.93492063492064,1.80396825396825,5.93709677419355,5.61161290322581,6.11524590163934,4.19667741935484,1.32387096774194,1.41493548387097,1.92681967213115,68.1774193548387,137.096774193548,6.7258064516129,1.2741935483871
"316","2283.1",14.5991666666667,2.27541666666667,7.4175,1.97357142857143,7.29,2.48916666666667,2.44375,4.41416666666667,0.897916666666667,-1.925,-1.97041666666667,96.9583333333333,174.166666666667,1.125,34.2083333333333
"317","2283.1",23.0608196721311,4.32688524590164,14.4490163934426,2.7016393442623,14.8624590163934,12.1473770491803,12.2647540983607,9.66786885245902,1.70770491803279,2.47950819672131,2.59688524590164,145.935483870968,158.467741935484,1.16393442622951,27.0819672131148
"318","2283.2",31.1428571428571,1.66714285714286,3.23857142857143,0.552857142857143,2.66142857142857,3.26714285714286,2.84,2.35142857142857,0.727142857142857,0.915714285714286,0.488571428571429,177.571428571429,171.428571428571,4.71428571428571,23.7142857142857
"319","2283.2",39.9142857142857,8.65571428571429,19.3,8.10714285714286,12.2642857142857,6.70571428571429,8.70571428571429,7.59571428571429,7.63428571428571,-0.89,1.11,454.285714285714,85.7142857142857,16,1
"320","2283.2",29.5620833333333,29.5620833333333,15.9275,10.6647916666667,19.421875,9.38270833333333,10.0910416666667,0,0,9.38270833333333,10.0910416666667,131.536585365854,164.390243902439,1,1
"321","2283.2",28.7071428571429,5.89357142857143,16.9228571428571,2.56214285714286,14.4771428571429,18.5807142857143,16.1485714285714,13.5007142857143,2.28071428571429,5.08,2.64785714285714,69.1428571428571,113.928571428571,5.14285714285714,2.78571428571429
"322","2283.2",16.69125,16.70075,17.89025,7.17425,18.35,16.3745,6.73275,14.39475,10.51675,1.97975,-7.662,114.725,78.875,1,1
"323","2283.2",27.0585714285714,3,18.8128571428571,0.598571428571429,18.8371428571429,26.3014285714286,19.4071428571429,14.8171428571429,1.13714285714286,11.4842857142857,4.59,488,147,4.28571428571429,63.4285714285714
"324","2283.2",27.1902941176471,2.00970588235294,14.4664705882353,1.72470588235294,14.4664705882353,10.1761764705882,7.96441176470588,4.09147058823529,0.893235294117647,6.08470588235294,3.87294117647059,191.470588235294,170.147058823529,1.02941176470588,38.8823529411765
"325","2283.2",10.855,10.855,18.053,1.893,20.082,16.709,15.734,17.348,2.821,-0.639,-1.614,86.6,163.5,1,1.1
"326","2283.2",21.30125,21.30125,25.214,5.603,30.5361,20.73175,19.197975,22.2645,2.54575,-1.53275,-3.066525,48.9677419354839,157.375,1,1
"327","2283.2",57.2714285714286,26.1271428571429,27.8385714285714,8.04142857142857,29.8885714285714,26.0285714285714,22.3471428571429,20.7657142857143,7.40428571428571,5.26285714285714,1.58142857142857,NA,NA,NA,NA
"328","2283.2",25.0923529411765,25.0923529411765,11.0723529411765,13.4761764705882,13.0094117647059,7.35294117647059,8.15647058823529,0,0,7.35294117647059,8.15647058823529,187.625,147.291666666667,1.29166666666667,1
"329","2283.2",27.1592957746479,1.90887323943662,15.5398591549296,1.25,15.7114084507042,12.5267605633803,9.97070422535211,5.35464788732394,0.956619718309859,7.17211267605634,4.61605633802817,221.056338028169,167.154929577465,1.01408450704225,27.1830985915493
"330","2283.2",23.3921428571429,3.05357142857143,1.22714285714286,0.942857142857143,1.25928571428571,1.316,1.82,0,0,1.316,1.82,176.5,158.214285714286,1.28571428571429,80.7142857142857
"331","2283.2",19.1703571428571,19.1789285714286,8.00821428571428,7.86785714285714,10.6471428571429,6.50535714285714,6.48428571428571,0,0,6.50535714285714,6.48428571428571,138.607142857143,171.964285714286,1.03571428571429,1
"332","2283.2",10.4059574468085,2.54063829787234,3.21255319148936,1.4568085106383,2.93702127659574,3.26595744680851,2.04585106382979,2.141,1.76066666666667,1.31125,0.080875,123.553191489362,135.212765957447,1,13.925
"333","2283.2",16.39,16.39,3.57894736842105,8.00631578947368,7.35184210526316,2.54710526315789,4.14078947368421,0,0,2.54710526315789,4.14078947368421,90.8947368421053,153.947368421053,1.44736842105263,1.21052631578947
"334","2283.2",16.868,16.868,5.487,8.46466666666667,7.82133333333333,4.682,3.919,0,0,4.682,3.919,68.35,161,1,1
"335","2283.2",17.643125,17.643125,11.1004166666667,10.9466666666667,12.378125,5.50291666666667,6.525625,0,0,5.50291666666667,6.525625,133.666666666667,159.411764705882,1.11764705882353,1.03921568627451
"336","2283.2",22.091,8.746,16.611,2.092,13.984,14.976,16.448,8.984,1.479,5.992,7.464,157,113,4.9,1.1
"337","2283.2",18.7129411764706,12.2135294117647,4.34058823529412,1.99647058823529,4.81705882352941,4.75941176470588,5.39941176470588,0,0,4.75941176470588,5.39941176470588,68,157.647058823529,2.70588235294118,1
"338","2283.2",9.70857142857143,7.85214285714286,5.15214285714286,2.69285714285714,5.79285714285714,3.445,3.8,3.85857142857143,2.66285714285714,-0.413571428571429,-0.0585714285714286,43,165.714285714286,1.57142857142857,1
"339","2283.2",8.55313725490196,8.55313725490196,8.03509803921569,2.71235294117647,5.87686274509804,6.63048780487805,8.63913043478261,5.77137254901961,2.2278431372549,0.779756097560976,2.65173913043478,13.3137254901961,160,1,2.2156862745098
"340","2283.2",14.1988888888889,4.05714285714286,5.93492063492064,1.80396825396825,5.93709677419355,5.61161290322581,6.11524590163934,4.19667741935484,1.32387096774194,1.41493548387097,1.92681967213115,68.1774193548387,137.096774193548,6.7258064516129,1.2741935483871
"341","2283.2",14.5991666666667,2.27541666666667,7.4175,1.97357142857143,7.29,2.48916666666667,2.44375,4.41416666666667,0.897916666666667,-1.925,-1.97041666666667,96.9583333333333,174.166666666667,1.125,34.2083333333333
"342","2283.2",23.0608196721311,4.32688524590164,14.4490163934426,2.7016393442623,14.8624590163934,12.1473770491803,12.2647540983607,9.66786885245902,1.70770491803279,2.47950819672131,2.59688524590164,145.935483870968,158.467741935484,1.16393442622951,27.0819672131148
"343","2283.3",31.1428571428571,1.66714285714286,3.23857142857143,0.552857142857143,2.66142857142857,3.26714285714286,2.84,2.35142857142857,0.727142857142857,0.915714285714286,0.488571428571429,177.571428571429,171.428571428571,4.71428571428571,23.7142857142857
"344","2283.3",39.9142857142857,8.65571428571429,19.3,8.10714285714286,12.2642857142857,6.70571428571429,8.70571428571429,7.59571428571429,7.63428571428571,-0.89,1.11,454.285714285714,85.7142857142857,16,1
"345","2283.3",16.4245,7.5335,6.2725,3.1685,6.3815,5.449,6.0185,4.0115,2.409,1.4375,2.007,56.7,151,1,3.3
"346","2283.3",16.69125,16.70075,17.89025,7.17425,18.35,16.3745,6.73275,14.39475,10.51675,1.97975,-7.662,114.725,78.875,1,1
"347","2283.3",27.1902941176471,2.00970588235294,14.4664705882353,1.72470588235294,14.4664705882353,10.1761764705882,7.96441176470588,4.09147058823529,0.893235294117647,6.08470588235294,3.87294117647059,191.470588235294,170.147058823529,1.02941176470588,38.8823529411765
"348","2283.3",25.0923529411765,25.0923529411765,11.0723529411765,13.4761764705882,13.0094117647059,7.35294117647059,8.15647058823529,0,0,7.35294117647059,8.15647058823529,187.625,147.291666666667,1.29166666666667,1
"349","2283.3",27.1592957746479,1.90887323943662,15.5398591549296,1.25,15.7114084507042,12.5267605633803,9.97070422535211,5.35464788732394,0.956619718309859,7.17211267605634,4.61605633802817,221.056338028169,167.154929577465,1.01408450704225,27.1830985915493
"350","2283.3",23.3921428571429,3.05357142857143,1.22714285714286,0.942857142857143,1.25928571428571,1.316,1.82,0,0,1.316,1.82,176.5,158.214285714286,1.28571428571429,80.7142857142857
"351","2283.3",16.4760714285714,6.96535714285714,4.31785714285714,2.6875,3.16,2.15142857142857,2.80428571428571,3.10535714285714,1.06607142857143,-0.953928571428571,-0.301071428571429,91.3928571428571,149.107142857143,2.22222222222222,6.5
"352","2283.3",19.1703571428571,19.1789285714286,8.00821428571428,7.86785714285714,10.6471428571429,6.50535714285714,6.48428571428571,0,0,6.50535714285714,6.48428571428571,138.607142857143,171.964285714286,1.03571428571429,1
"353","2283.3",10.4059574468085,2.54063829787234,3.21255319148936,1.4568085106383,2.93702127659574,3.26595744680851,2.04585106382979,2.141,1.76066666666667,1.31125,0.080875,123.553191489362,135.212765957447,1,13.925
"354","2283.3",16.39,16.39,3.57894736842105,8.00631578947368,7.35184210526316,2.54710526315789,4.14078947368421,0,0,2.54710526315789,4.14078947368421,90.8947368421053,153.947368421053,1.44736842105263,1.21052631578947
"355","2283.3",16.868,16.868,5.487,8.46466666666667,7.82133333333333,4.682,3.919,0,0,4.682,3.919,68.35,161,1,1
"356","2283.3",17.643125,17.643125,11.1004166666667,10.9466666666667,12.378125,5.50291666666667,6.525625,0,0,5.50291666666667,6.525625,133.666666666667,159.411764705882,1.11764705882353,1.03921568627451
"357","2283.3",22.091,8.746,16.611,2.092,13.984,14.976,16.448,8.984,1.479,5.992,7.464,157,113,4.9,1.1
"358","2283.3",18.7129411764706,12.2135294117647,4.34058823529412,1.99647058823529,4.81705882352941,4.75941176470588,5.39941176470588,0,0,4.75941176470588,5.39941176470588,68,157.647058823529,2.70588235294118,1
"359","2283.3",9.70857142857143,7.85214285714286,5.15214285714286,2.69285714285714,5.79285714285714,3.445,3.8,3.85857142857143,2.66285714285714,-0.413571428571429,-0.0585714285714286,43,165.714285714286,1.57142857142857,1
"360","2283.3",35.1705882352941,8.73588235294118,3.97,1.90882352941176,4.76117647058824,2.51647058823529,2.74058823529412,0,0,2.51647058823529,2.74058823529412,87.7058823529412,160,4.11764705882353,2.76470588235294
"361","2283.3",23.0608196721311,4.32688524590164,14.4490163934426,2.7016393442623,14.8624590163934,12.1473770491803,12.2647540983607,9.66786885245902,1.70770491803279,2.47950819672131,2.59688524590164,145.935483870968,158.467741935484,1.16393442622951,27.0819672131148
"362","2379.1",16.69125,16.70075,17.89025,7.17425,18.35,16.3745,6.73275,14.39475,10.51675,1.97975,-7.662,114.725,78.875,1,1
"363","2379.1",40.1829411764706,2.22823529411765,3.81058823529412,2.73411764705882,3.91117647058824,4.50529411764706,3.78470588235294,3.05411764705882,1.14529411764706,1.45117647058824,0.730588235294118,79.2352941176471,155,1,46.6470588235294
"364","2379.1",23.289,23.289,11.728,7.484,11.174,4.907,7.688,0,0,4.907,7.688,39,170,1,1
"365","2379.1",10.636,4.86142857142857,6.53214285714286,2.33321428571429,7.30571428571429,6.11946428571429,5.87571428571429,5.43803571428571,1.80964285714286,0.681428571428571,0.437678571428571,59.8947368421053,123.245614035088,2.50877192982456,1
"366","2379.1",13.3233333333333,3.20895833333333,8.11666666666667,0.695,8.42708333333333,10.5627083333333,8.67541666666667,6.33854166666667,0.910625,4.22416666666667,2.336875,182.25,160.520833333333,1,17.3125
"367","2379.1",16.4760714285714,6.96535714285714,4.31785714285714,2.6875,3.16,2.15142857142857,2.80428571428571,3.10535714285714,1.06607142857143,-0.953928571428571,-0.301071428571429,91.3928571428571,149.107142857143,2.22222222222222,6.5
"368","2379.1",16.868,16.868,5.487,8.46466666666667,7.82133333333333,4.682,3.919,0,0,4.682,3.919,68.35,161,1,1
"369","2379.1",17.643125,17.643125,11.1004166666667,10.9466666666667,12.378125,5.50291666666667,6.525625,0,0,5.50291666666667,6.525625,133.666666666667,159.411764705882,1.11764705882353,1.03921568627451
"370","2379.2",16.69125,16.70075,17.89025,7.17425,18.35,16.3745,6.73275,14.39475,10.51675,1.97975,-7.662,114.725,78.875,1,1
"371","2379.2",40.1829411764706,2.22823529411765,3.81058823529412,2.73411764705882,3.91117647058824,4.50529411764706,3.78470588235294,3.05411764705882,1.14529411764706,1.45117647058824,0.730588235294118,79.2352941176471,155,1,46.6470588235294
"372","2379.2",23.289,23.289,11.728,7.484,11.174,4.907,7.688,0,0,4.907,7.688,39,170,1,1
"373","2379.2",10.636,4.86142857142857,6.53214285714286,2.33321428571429,7.30571428571429,6.11946428571429,5.87571428571429,5.43803571428571,1.80964285714286,0.681428571428571,0.437678571428571,59.8947368421053,123.245614035088,2.50877192982456,1
"374","2379.2",4.331,4.331,1.9665,1.189,2.167,1.9965,2.521,1.9665,4.331,0.03,0.5545,7.25,163.75,1,1
"375","2379.2",8.36,8.36,2.71428571428571,2.39285714285714,3.83285714285714,2.83571428571429,3.27571428571429,2.71428571428571,8.36,0.121428571428571,0.561428571428571,21.2857142857143,162.857142857143,1,1
"376","2379.2",16.868,16.868,5.487,8.46466666666667,7.82133333333333,4.682,3.919,0,0,4.682,3.919,68.35,161,1,1
"377","2379.2",17.643125,17.643125,11.1004166666667,10.9466666666667,12.378125,5.50291666666667,6.525625,0,0,5.50291666666667,6.525625,133.666666666667,159.411764705882,1.11764705882353,1.03921568627451
"378","2379.2",18.496,8.336,3.044,2.763,4.024,0.865,2.015,0,0,0.865,2.015,NA,NA,NA,NA
"379","2379.2",8.55313725490196,8.55313725490196,8.03509803921569,2.71235294117647,5.87686274509804,6.63048780487805,8.63913043478261,5.77137254901961,2.2278431372549,0.779756097560976,2.65173913043478,13.3137254901961,160,1,2.2156862745098
"380","2379.2",23.0608196721311,4.32688524590164,14.4490163934426,2.7016393442623,14.8624590163934,12.1473770491803,12.2647540983607,9.66786885245902,1.70770491803279,2.47950819672131,2.59688524590164,145.935483870968,158.467741935484,1.16393442622951,27.0819672131148
"381","2379.3",28.7071428571429,5.89357142857143,16.9228571428571,2.56214285714286,14.4771428571429,18.5807142857143,16.1485714285714,13.5007142857143,2.28071428571429,5.08,2.64785714285714,69.1428571428571,113.928571428571,5.14285714285714,2.78571428571429
"382","2379.3",16.69125,16.70075,17.89025,7.17425,18.35,16.3745,6.73275,14.39475,10.51675,1.97975,-7.662,114.725,78.875,1,1
"383","2379.3",40.1829411764706,2.22823529411765,3.81058823529412,2.73411764705882,3.91117647058824,4.50529411764706,3.78470588235294,3.05411764705882,1.14529411764706,1.45117647058824,0.730588235294118,79.2352941176471,155,1,46.6470588235294
"384","2379.3",23.289,23.289,11.728,7.484,11.174,4.907,7.688,0,0,4.907,7.688,39,170,1,1
"385","2379.3",21.30125,21.30125,25.214,5.603,30.5361,20.73175,19.197975,22.2645,2.54575,-1.53275,-3.066525,48.9677419354839,157.375,1,1
"386","2379.3",13.3233333333333,3.20895833333333,8.11666666666667,0.695,8.42708333333333,10.5627083333333,8.67541666666667,6.33854166666667,0.910625,4.22416666666667,2.336875,182.25,160.520833333333,1,17.3125
"387","2379.3",4.331,4.331,1.9665,1.189,2.167,1.9965,2.521,1.9665,4.331,0.03,0.5545,7.25,163.75,1,1
"388","2379.3",16.868,16.868,5.487,8.46466666666667,7.82133333333333,4.682,3.919,0,0,4.682,3.919,68.35,161,1,1
"389","2379.3",17.643125,17.643125,11.1004166666667,10.9466666666667,12.378125,5.50291666666667,6.525625,0,0,5.50291666666667,6.525625,133.666666666667,159.411764705882,1.11764705882353,1.03921568627451
"390","2379.3",18.496,8.336,3.044,2.763,4.024,0.865,2.015,0,0,0.865,2.015,NA,NA,NA,NA
"391","2379.3",18.0135294117647,1.28470588235294,3.27,0.501764705882353,3.29235294117647,3.78647058823529,2.98176470588235,2.75,0.581764705882353,1.03647058823529,0.231764705882353,147.647058823529,155.294117647059,2.29411764705882,24.1
"392","2587.1",22.382,10.779,16.327,5.358,10.388,10.507,9.06,9.346,3.161,1.161,-0.286,32.8,138.5,1,7.7
"393","2587.1",9.994,9.994,7.95,4.171,8.215,5.037,6.074,0,0,5.037,6.074,71,128,1,1
"394","2587.1",40.1829411764706,2.22823529411765,3.81058823529412,2.73411764705882,3.91117647058824,4.50529411764706,3.78470588235294,3.05411764705882,1.14529411764706,1.45117647058824,0.730588235294118,79.2352941176471,155,1,46.6470588235294
"395","2587.1",11.734,0.736,4.228,0.317,4.228,4.139,3.748,3.798,0.458,0.341,-0.05,29.6,138,1,NA
"396","2587.1",21.30125,21.30125,25.214,5.603,30.5361,20.73175,19.197975,22.2645,2.54575,-1.53275,-3.066525,48.9677419354839,157.375,1,1
"397","2587.1",16.4760714285714,6.96535714285714,4.31785714285714,2.6875,3.16,2.15142857142857,2.80428571428571,3.10535714285714,1.06607142857143,-0.953928571428571,-0.301071428571429,91.3928571428571,149.107142857143,2.22222222222222,6.5
"398","2587.1",10.4059574468085,2.54063829787234,3.21255319148936,1.4568085106383,2.93702127659574,3.26595744680851,2.04585106382979,2.141,1.76066666666667,1.31125,0.080875,123.553191489362,135.212765957447,1,13.925
"399","2587.1",16.868,16.868,5.487,8.46466666666667,7.82133333333333,4.682,3.919,0,0,4.682,3.919,68.35,161,1,1
"400","2587.1",6.94285714285714,6.94285714285714,6.01142857142857,3.00285714285714,4.46714285714286,4.47,4.80142857142857,3.82714285714286,3.19285714285714,0.642857142857143,0.974285714285714,12.4285714285714,145,1,1
"401","2587.1",8.55313725490196,8.55313725490196,8.03509803921569,2.71235294117647,5.87686274509804,6.63048780487805,8.63913043478261,5.77137254901961,2.2278431372549,0.779756097560976,2.65173913043478,13.3137254901961,160,1,2.2156862745098
"402","2587.2",40.1829411764706,2.22823529411765,3.81058823529412,2.73411764705882,3.91117647058824,4.50529411764706,3.78470588235294,3.05411764705882,1.14529411764706,1.45117647058824,0.730588235294118,79.2352941176471,155,1,46.6470588235294
"403","2587.2",21.30125,21.30125,25.214,5.603,30.5361,20.73175,19.197975,22.2645,2.54575,-1.53275,-3.066525,48.9677419354839,157.375,1,1
"404","2587.2",4.331,4.331,1.9665,1.189,2.167,1.9965,2.521,1.9665,4.331,0.03,0.5545,7.25,163.75,1,1
"405","2587.2",16.868,16.868,5.487,8.46466666666667,7.82133333333333,4.682,3.919,0,0,4.682,3.919,68.35,161,1,1
"406","2587.2",18.7129411764706,12.2135294117647,4.34058823529412,1.99647058823529,4.81705882352941,4.75941176470588,5.39941176470588,0,0,4.75941176470588,5.39941176470588,68,157.647058823529,2.70588235294118,1
"407","2587.2",6.973,6.973,5.003,2.021,2.92,2.691,3.877,0,0,2.691,3.877,37.9,152.5,1,1
"408","2587.2",8.55313725490196,8.55313725490196,8.03509803921569,2.71235294117647,5.87686274509804,6.63048780487805,8.63913043478261,5.77137254901961,2.2278431372549,0.779756097560976,2.65173913043478,13.3137254901961,160,1,2.2156862745098
"409","2587.3",16.4245,7.5335,6.2725,3.1685,6.3815,5.449,6.0185,4.0115,2.409,1.4375,2.007,56.7,151,1,3.3
"410","2587.3",8.812,8.812,3.019,2.54,4.198,4.415,3.342,2.51,3.129,1.905,0.832,21.5,153.5,1,1
"411","2587.3",9.994,9.994,7.95,4.171,8.215,5.037,6.074,0,0,5.037,6.074,71,128,1,1
"412","2587.3",40.1829411764706,2.22823529411765,3.81058823529412,2.73411764705882,3.91117647058824,4.50529411764706,3.78470588235294,3.05411764705882,1.14529411764706,1.45117647058824,0.730588235294118,79.2352941176471,155,1,46.6470588235294
"413","2587.3",8.826,8.826,3.281,2.275,4.069,3.997,4.937,2.343,2.163,1.654,2.594,14.3,161.5,1,1
"414","2587.3",5.642,5.642,2.774,1.983,3.405,2.497,3.342,2.166,2.736,0.331,1.176,15.7,151.5,1,1
"415","2587.3",12.712,2.415,1.782,0.837,1.74,1.606,1.634,1.454,0.826,0.152,0.18,21.09,161.5,7,1.7
"416","2587.3",6.973,6.973,5.003,2.021,2.92,2.691,3.877,0,0,2.691,3.877,37.9,152.5,1,1
"417","2587.3",6.94285714285714,6.94285714285714,6.01142857142857,3.00285714285714,4.46714285714286,4.47,4.80142857142857,3.82714285714286,3.19285714285714,0.642857142857143,0.974285714285714,12.4285714285714,145,1,1
"418","2587.3",8.55313725490196,8.55313725490196,8.03509803921569,2.71235294117647,5.87686274509804,6.63048780487805,8.63913043478261,5.77137254901961,2.2278431372549,0.779756097560976,2.65173913043478,13.3137254901961,160,1,2.2156862745098
