"","Elevation","Plant_height","Leaf_inclination","Number_leaves","Leaf_width","Leaf_length","Leaf_thickness","Leaf_Area","Leaf_weight_fresh","Leaf_weight_dry","Succulence","Specific_leaf_weight","Leaf_lobation"
"1","1181.1",301.275862068966,117.413793103448,6.6551724137931,12.1072413793103,59.8648275862069,0.198275862068966,3.93003164489655,0.866441379310345,0.301010714285714,1.67917717925,0.789226289071429,2.91995985924138
"2","1181.1",103.829268292683,101.219512195122,4.85365853658537,38.7238636363636,31.7497727272727,0.251818181818182,8.08765475544444,0.360687878787879,0.21820303030303,0.2044249133125,0.4663230554,4.20687579940741
"3","1181.1",101.75,121.458333333333,7.125,9.9,26.76,0.33625,1.04418180128571,0.0419764705882353,0.0276429411764706,0.0881516051428572,0.586190863571429,4.65678192321429
"4","1181.1",111.4,158.375,119.125,0.65775,2.186,0.29725,0.01089754795,0.0051,0.0043,0.682414228,3.667976475,2.2463412773
"5","1181.1",158.612903225806,135.483870967742,13.9677419354839,6.45294117647059,34.0564705882353,0.212352941176471,0.413193793291667,0.0773208333333333,0.0254608695652174,1.19034805921739,0.611938517347826,2.1963096144
"6","1181.1",258.857142857143,122.142857142857,6.42857142857143,14.3442857142857,46.7838571428571,0.191428571428571,5.24220106985714,0.445971428571429,0.407314285714286,0.0778178281428571,0.797356263,2.877122881
"7","1181.1",206.958333333333,115.416666666667,121.916666666667,1.885,7.8875,0.107083333333333,0.111596736875,0.011695652173913,0.00465652173913044,0.653381497565217,0.410347998782609,2.17238238616667
"8","1181.1",265.214285714286,87.9285714285714,14.4642857142857,12.9875,24.9503571428571,0.227857142857143,2.41476121189286,0.0654285714285714,0.0547548148148148,0.0508972693703704,0.285453076962963,2.20048012989286
"9","1181.1",221.056338028169,133.380281690141,4.94366197183099,15.8695774647887,68.6512676056338,0.218732394366197,5.57522242049296,0.372601694915254,0.242222166666667,0.252129436258621,0.483569774116667,3.38568207642254
"10","1181.1",294.222222222222,120.185185185185,7.40740740740741,11.07125,33.2958333333333,0.28375,2.72100341045833,0.197522727272727,0.178372727272727,0.0775256197272727,0.649451826272727,2.52462955304167
"11","1181.1",104.928571428571,128.214285714286,4.57142857142857,9.52,9.11785714285714,0.223571428571429,0.508190117571429,0.185114285714286,0.0852285714285714,2.86382796064286,2.97419466221429,3.04037237835714
"12","1181.1",138.607142857143,126.571428571429,3,13.4042857142857,15.1196428571429,0.235357142857143,1.29621256771429,0.0868615384615385,0.079604,0.0342152212631579,0.495931787,2.23478555185714
"13","1181.1",387.6,119.333333333333,3.3,45.1916666666667,48.788,0.171333333333333,7.96051264756667,0.547992857142857,0.437982142857143,0.152694058428571,0.566312551071429,4.89624582963333
"14","1181.1",293.416666666667,129.583333333333,5.875,15.6842857142857,109.004285714286,0.372857142857143,9.60521277429167,1.08040869565217,0.679108695652174,0.373562420521739,0.69134456073913,3.38271248485714
"15","1181.1",343.642857142857,130,7.21428571428571,NA,NA,NA,15.3726786535385,1.75381538461538,1.09553846153846,0.399466865846154,1.23816820723077,NA
"16","1181.1",46.7647058823529,155.882352941176,14.2941176470588,4.04705882352941,10.3088235294118,0.228823529411765,0.2494775703,0.0294764705882353,0.0147764705882353,0.1012445223,0.5778751058,2.398683154
"17","1181.1",55.7241379310345,107.844827586207,5.27586206896552,14.4508771929825,10.9970175438596,0.144561403508772,0.74304078966,0.0626482142857143,0.0356218181818182,0.363634945604167,0.613107795520833,3.97666911840816
"18","1181.1",94.5882352941177,91.1764705882353,4.17647058823529,8.78,19.5041176470588,0.2,1.18256607764706,0.0901214285714286,0.0687428571428571,0.3231091865,0.522099341928571,2.60385946382353
"19","1181.1",341.727272727273,98.1515151515152,2.15151515151515,45.5898507462687,41.7916417910448,0.24089552238806,7.95918687052542,0.710111111111111,0.419944193548387,0.380324632981132,0.755530963777778,5.57224619987931
"20","1181.1",482.754716981132,134.811320754717,3.13461538461538,27.2133333333333,54.6621568627451,0.301176470588235,11.5869841168727,1.46334655172414,0.542381034482759,1.01063013428261,0.511818758945455,2.27223962514
"21","1181.1",389,138.214285714286,5.21428571428571,31.0892857142857,61.6128571428571,0.191428571428571,5.41858337685714,0.384064285714286,0.341076923076923,0.0824777583846154,0.70050506,7.82348955492857
"22","1181.1",193.470588235294,118.529411764706,6.79411764705882,12.3655,81.1605,0.1515,4.7534748417037,0.354334615384615,0.223330769230769,0.210129494941176,0.556620360578947,6.26097364545
"23","1181.1",147,119.411764705882,9.17647058823529,24.8958823529412,93.1264705882353,0.252352941176471,6.89428990014286,0.3988375,0.4668,0.091234658,0.665899283857143,3.15975447514286
"24","1181.1",68.1774193548387,101.209677419355,8.7258064516129,4.52761904761905,7.06166666666667,0.214761904761905,0.242204203688525,0.032085,0.012245,0.797928328775862,0.567594413033333,2.08353675817073
"25","1181.1",145.935483870968,129.516129032258,3.04838709677419,34.5255737704918,21.9518032786885,0.151666666666667,4.42209381552459,0.336383720930233,0.209088292682927,0.28451191925,0.556509370829268,3.15541561454098
"26","1181.1",101.734375,129.84375,1.375,21.161875,17.91640625,0.17296875,2.70074509375,0.186788524590164,0.12877,0.208148759912281,0.60838968385,3.12356265389062
"27","1181.1",174.903225806452,127.41935483871,9.06451612903226,14.9983870967742,20.3374193548387,0.278709677419355,2.244539975625,0.0319387096774194,0.0216777419354839,0.0516026690416667,0.168321965708333,2.33502526958333
"28","1181.2",301.275862068966,117.413793103448,6.6551724137931,12.1072413793103,59.8648275862069,0.198275862068966,3.93003164489655,0.866441379310345,0.301010714285714,1.67917717925,0.789226289071429,2.91995985924138
"29","1181.2",103.829268292683,101.219512195122,4.85365853658537,38.7238636363636,31.7497727272727,0.251818181818182,8.08765475544444,0.360687878787879,0.21820303030303,0.2044249133125,0.4663230554,4.20687579940741
"30","1181.2",101.75,121.458333333333,7.125,9.9,26.76,0.33625,1.04418180128571,0.0419764705882353,0.0276429411764706,0.0881516051428572,0.586190863571429,4.65678192321429
"31","1181.2",279.714285714286,162.857142857143,2.42857142857143,6.90428571428571,52.5542857142857,0.27,2.82468934371429,0.233328571428571,0.222071428571429,0.0403126688571429,0.786891461857143,2.01567619928571
"32","1181.2",111.4,158.375,119.125,0.65775,2.186,0.29725,0.01089754795,0.0051,0.0043,0.682414228,3.667976475,2.2463412773
"33","1181.2",158.612903225806,135.483870967742,13.9677419354839,6.45294117647059,34.0564705882353,0.212352941176471,0.413193793291667,0.0773208333333333,0.0254608695652174,1.19034805921739,0.611938517347826,2.1963096144
"34","1181.2",85.2857142857143,122.857142857143,13.2857142857143,NA,NA,NA,9.31758827257143,1.52725714285714,1.42741428571429,0.186133799285714,3.24119298671429,NA
"35","1181.2",206.958333333333,115.416666666667,121.916666666667,1.885,7.8875,0.107083333333333,0.111596736875,0.011695652173913,0.00465652173913044,0.653381497565217,0.410347998782609,2.17238238616667
"36","1181.2",265.214285714286,87.9285714285714,14.4642857142857,12.9875,24.9503571428571,0.227857142857143,2.41476121189286,0.0654285714285714,0.0547548148148148,0.0508972693703704,0.285453076962963,2.20048012989286
"37","1181.2",221.056338028169,133.380281690141,4.94366197183099,15.8695774647887,68.6512676056338,0.218732394366197,5.57522242049296,0.372601694915254,0.242222166666667,0.252129436258621,0.483569774116667,3.38568207642254
"38","1181.2",294.222222222222,120.185185185185,7.40740740740741,11.07125,33.2958333333333,0.28375,2.72100341045833,0.197522727272727,0.178372727272727,0.0775256197272727,0.649451826272727,2.52462955304167
"39","1181.2",104.928571428571,128.214285714286,4.57142857142857,9.52,9.11785714285714,0.223571428571429,0.508190117571429,0.185114285714286,0.0852285714285714,2.86382796064286,2.97419466221429,3.04037237835714
"40","1181.2",138.607142857143,126.571428571429,3,13.4042857142857,15.1196428571429,0.235357142857143,1.29621256771429,0.0868615384615385,0.079604,0.0342152212631579,0.495931787,2.23478555185714
"41","1181.2",387.6,119.333333333333,3.3,45.1916666666667,48.788,0.171333333333333,7.96051264756667,0.547992857142857,0.437982142857143,0.152694058428571,0.566312551071429,4.89624582963333
"42","1181.2",293.416666666667,129.583333333333,5.875,15.6842857142857,109.004285714286,0.372857142857143,9.60521277429167,1.08040869565217,0.679108695652174,0.373562420521739,0.69134456073913,3.38271248485714
"43","1181.2",343.642857142857,130,7.21428571428571,NA,NA,NA,15.3726786535385,1.75381538461538,1.09553846153846,0.399466865846154,1.23816820723077,NA
"44","1181.2",55.7241379310345,107.844827586207,5.27586206896552,14.4508771929825,10.9970175438596,0.144561403508772,0.74304078966,0.0626482142857143,0.0356218181818182,0.363634945604167,0.613107795520833,3.97666911840816
"45","1181.2",94.5882352941177,91.1764705882353,4.17647058823529,8.78,19.5041176470588,0.2,1.18256607764706,0.0901214285714286,0.0687428571428571,0.3231091865,0.522099341928571,2.60385946382353
"46","1181.2",341.727272727273,98.1515151515152,2.15151515151515,45.5898507462687,41.7916417910448,0.24089552238806,7.95918687052542,0.710111111111111,0.419944193548387,0.380324632981132,0.755530963777778,5.57224619987931
"47","1181.2",482.754716981132,134.811320754717,3.13461538461538,27.2133333333333,54.6621568627451,0.301176470588235,11.5869841168727,1.46334655172414,0.542381034482759,1.01063013428261,0.511818758945455,2.27223962514
"48","1181.2",389,138.214285714286,5.21428571428571,31.0892857142857,61.6128571428571,0.191428571428571,5.41858337685714,0.384064285714286,0.341076923076923,0.0824777583846154,0.70050506,7.82348955492857
"49","1181.2",193.470588235294,118.529411764706,6.79411764705882,12.3655,81.1605,0.1515,4.7534748417037,0.354334615384615,0.223330769230769,0.210129494941176,0.556620360578947,6.26097364545
"50","1181.2",148.652173913043,124.347826086957,10.695652173913,2.88204545454545,16.7465909090909,0.111590909090909,0.684118699219512,0.0423511111111111,0.012546511627907,0.817479089666667,0.396050847,2.21348728292308
"51","1181.2",147,119.411764705882,9.17647058823529,24.8958823529412,93.1264705882353,0.252352941176471,6.89428990014286,0.3988375,0.4668,0.091234658,0.665899283857143,3.15975447514286
"52","1181.2",68.1774193548387,101.209677419355,8.7258064516129,4.52761904761905,7.06166666666667,0.214761904761905,0.242204203688525,0.032085,0.012245,0.797928328775862,0.567594413033333,2.08353675817073
"53","1181.2",145.935483870968,129.516129032258,3.04838709677419,34.5255737704918,21.9518032786885,0.151666666666667,4.42209381552459,0.336383720930233,0.209088292682927,0.28451191925,0.556509370829268,3.15541561454098
"54","1181.2",68.7058823529412,99.7058823529412,3.17647058823529,18.0764705882353,18.7782352941176,0.261176470588235,1.30638228666667,0.32035625,0.087238125,0.0526833726666667,0.626354853,2.218552616
"55","1181.3",103.829268292683,101.219512195122,4.85365853658537,38.7238636363636,31.7497727272727,0.251818181818182,8.08765475544444,0.360687878787879,0.21820303030303,0.2044249133125,0.4663230554,4.20687579940741
"56","1181.3",111.4,158.375,119.125,0.65775,2.186,0.29725,0.01089754795,0.0051,0.0043,0.682414228,3.667976475,2.2463412773
"57","1181.3",158.612903225806,135.483870967742,13.9677419354839,6.45294117647059,34.0564705882353,0.212352941176471,0.413193793291667,0.0773208333333333,0.0254608695652174,1.19034805921739,0.611938517347826,2.1963096144
"58","1181.3",206.958333333333,115.416666666667,121.916666666667,1.885,7.8875,0.107083333333333,0.111596736875,0.011695652173913,0.00465652173913044,0.653381497565217,0.410347998782609,2.17238238616667
"59","1181.3",182.25,116.666666666667,3.125,22.7547916666667,19.24125,0.464583333333333,2.65300166948148,0.290935416666667,0.206319583333333,0.184231995692308,1.27451564796296,2.11295409855556
"60","1181.3",221.056338028169,133.380281690141,4.94366197183099,15.8695774647887,68.6512676056338,0.218732394366197,5.57522242049296,0.372601694915254,0.242222166666667,0.252129436258621,0.483569774116667,3.38568207642254
"61","1181.3",294.222222222222,120.185185185185,7.40740740740741,11.07125,33.2958333333333,0.28375,2.72100341045833,0.197522727272727,0.178372727272727,0.0775256197272727,0.649451826272727,2.52462955304167
"62","1181.3",104.928571428571,128.214285714286,4.57142857142857,9.52,9.11785714285714,0.223571428571429,0.508190117571429,0.185114285714286,0.0852285714285714,2.86382796064286,2.97419466221429,3.04037237835714
"63","1181.3",387.6,119.333333333333,3.3,45.1916666666667,48.788,0.171333333333333,7.96051264756667,0.547992857142857,0.437982142857143,0.152694058428571,0.566312551071429,4.89624582963333
"64","1181.3",343.642857142857,130,7.21428571428571,NA,NA,NA,15.3726786535385,1.75381538461538,1.09553846153846,0.399466865846154,1.23816820723077,NA
"65","1181.3",55.7241379310345,107.844827586207,5.27586206896552,14.4508771929825,10.9970175438596,0.144561403508772,0.74304078966,0.0626482142857143,0.0356218181818182,0.363634945604167,0.613107795520833,3.97666911840816
"66","1181.3",94.5882352941177,91.1764705882353,4.17647058823529,8.78,19.5041176470588,0.2,1.18256607764706,0.0901214285714286,0.0687428571428571,0.3231091865,0.522099341928571,2.60385946382353
"67","1181.3",341.727272727273,98.1515151515152,2.15151515151515,45.5898507462687,41.7916417910448,0.24089552238806,7.95918687052542,0.710111111111111,0.419944193548387,0.380324632981132,0.755530963777778,5.57224619987931
"68","1181.3",389,138.214285714286,5.21428571428571,31.0892857142857,61.6128571428571,0.191428571428571,5.41858337685714,0.384064285714286,0.341076923076923,0.0824777583846154,0.70050506,7.82348955492857
"69","1181.3",193.470588235294,118.529411764706,6.79411764705882,12.3655,81.1605,0.1515,4.7534748417037,0.354334615384615,0.223330769230769,0.210129494941176,0.556620360578947,6.26097364545
"70","1181.3",148.652173913043,124.347826086957,10.695652173913,2.88204545454545,16.7465909090909,0.111590909090909,0.684118699219512,0.0423511111111111,0.012546511627907,0.817479089666667,0.396050847,2.21348728292308
"71","1181.3",68.1774193548387,101.209677419355,8.7258064516129,4.52761904761905,7.06166666666667,0.214761904761905,0.242204203688525,0.032085,0.012245,0.797928328775862,0.567594413033333,2.08353675817073
"72","1181.3",145.935483870968,129.516129032258,3.04838709677419,34.5255737704918,21.9518032786885,0.151666666666667,4.42209381552459,0.336383720930233,0.209088292682927,0.28451191925,0.556509370829268,3.15541561454098
"73","1181.3",101.734375,129.84375,1.375,21.161875,17.91640625,0.17296875,2.70074509375,0.186788524590164,0.12877,0.208148759912281,0.60838968385,3.12356265389062
"74","1463.1",301.275862068966,117.413793103448,6.6551724137931,12.1072413793103,59.8648275862069,0.198275862068966,3.93003164489655,0.866441379310345,0.301010714285714,1.67917717925,0.789226289071429,2.91995985924138
"75","1463.1",103.829268292683,101.219512195122,4.85365853658537,38.7238636363636,31.7497727272727,0.251818181818182,8.08765475544444,0.360687878787879,0.21820303030303,0.2044249133125,0.4663230554,4.20687579940741
"76","1463.1",101.75,121.458333333333,7.125,9.9,26.76,0.33625,1.04418180128571,0.0419764705882353,0.0276429411764706,0.0881516051428572,0.586190863571429,4.65678192321429
"77","1463.1",111.4,158.375,119.125,0.65775,2.186,0.29725,0.01089754795,0.0051,0.0043,0.682414228,3.667976475,2.2463412773
"78","1463.1",158.612903225806,135.483870967742,13.9677419354839,6.45294117647059,34.0564705882353,0.212352941176471,0.413193793291667,0.0773208333333333,0.0254608695652174,1.19034805921739,0.611938517347826,2.1963096144
"79","1463.1",54.8571428571429,138.571428571429,17.5714285714286,72.2842857142857,20.5971428571429,0.494285714285714,7.42451817471429,1.21571428571429,1.13916666666667,0.271781969166667,2.10250639066667,5.94213250014286
"80","1463.1",336.125,141.875,1.91666666666667,15.2341666666667,41.825,0.290833333333333,1.54184010185714,0.472858333333333,0.1343375,1.26269068785714,0.618509057571429,5.64145701785714
"81","1463.1",129.285714285714,156.428571428571,12,6.87,10.7985714285714,0.327142857142857,0.517526875142857,0.0667142857142857,0.0405285714285714,0.558603521714286,0.839522143,2.30403220457143
"82","1463.1",191.470588235294,135.882352941176,6.17647058823529,18.6438235294118,58.6508823529412,0.202647058823529,6.771067494,0.359376470588235,0.172008823529412,0.25758510930303,0.340359935090909,3.0104864715
"83","1463.1",206.958333333333,115.416666666667,121.916666666667,1.885,7.8875,0.107083333333333,0.111596736875,0.011695652173913,0.00465652173913044,0.653381497565217,0.410347998782609,2.17238238616667
"84","1463.1",119.666666666667,133.571428571429,26.952380952381,1.13904761904762,8.60047619047619,0.193333333333333,0.0820115308095238,0.00974285714285714,0.00383333333333333,0.819460428619048,0.573086195333333,2.42516649633333
"85","1463.1",121.714285714286,87.1428571428571,3.42857142857143,63.4257142857143,49.6057142857143,0.315714285714286,NA,0.250114285714286,0.07222,NA,NA,NA
"86","1463.1",265.214285714286,87.9285714285714,14.4642857142857,12.9875,24.9503571428571,0.227857142857143,2.41476121189286,0.0654285714285714,0.0547548148148148,0.0508972693703704,0.285453076962963,2.20048012989286
"87","1463.1",221.056338028169,133.380281690141,4.94366197183099,15.8695774647887,68.6512676056338,0.218732394366197,5.57522242049296,0.372601694915254,0.242222166666667,0.252129436258621,0.483569774116667,3.38568207642254
"88","1463.1",294.222222222222,120.185185185185,7.40740740740741,11.07125,33.2958333333333,0.28375,2.72100341045833,0.197522727272727,0.178372727272727,0.0775256197272727,0.649451826272727,2.52462955304167
"89","1463.1",167,165.714285714286,4.28571428571429,7.28428571428571,33.5857142857143,0.215714285714286,1.60362722814286,0.234,0.0644142857142857,1.03361259214286,0.420761390285714,2.43824154757143
"90","1463.1",387.6,119.333333333333,3.3,45.1916666666667,48.788,0.171333333333333,7.96051264756667,0.547992857142857,0.437982142857143,0.152694058428571,0.566312551071429,4.89624582963333
"91","1463.1",343.642857142857,130,7.21428571428571,NA,NA,NA,15.3726786535385,1.75381538461538,1.09553846153846,0.399466865846154,1.23816820723077,NA
"92","1463.1",90.8947368421053,105,3.34210526315789,21.4910526315789,17.1860526315789,0.236578947368421,2.34751550280952,0.161175,0.0926152777777778,0.10200127252381,0.43392181325,2.20446951504762
"93","1463.1",55.7241379310345,107.844827586207,5.27586206896552,14.4508771929825,10.9970175438596,0.144561403508772,0.74304078966,0.0626482142857143,0.0356218181818182,0.363634945604167,0.613107795520833,3.97666911840816
"94","1463.1",341.727272727273,98.1515151515152,2.15151515151515,45.5898507462687,41.7916417910448,0.24089552238806,7.95918687052542,0.710111111111111,0.419944193548387,0.380324632981132,0.755530963777778,5.57224619987931
"95","1463.1",133.666666666667,122.352941176471,2.09803921568627,32.7073684210526,26.7639473684211,0.355,5.7783147824,0.601020930232558,0.254653488372093,0.245270507241379,1.03084427758621,6.08550687483333
"96","1463.1",216.285714285714,129.285714285714,2.57142857142857,36.0085714285714,33.9771428571429,0.385714285714286,5.24889439614286,0.734142857142857,0.297657142857143,0.759017323428571,0.571782730142857,3.92233238942857
"97","1463.1",193.470588235294,118.529411764706,6.79411764705882,12.3655,81.1605,0.1515,4.7534748417037,0.354334615384615,0.223330769230769,0.210129494941176,0.556620360578947,6.26097364545
"98","1463.1",148.652173913043,124.347826086957,10.695652173913,2.88204545454545,16.7465909090909,0.111590909090909,0.684118699219512,0.0423511111111111,0.012546511627907,0.817479089666667,0.396050847,2.21348728292308
"99","1463.1",147,119.411764705882,9.17647058823529,24.8958823529412,93.1264705882353,0.252352941176471,6.89428990014286,0.3988375,0.4668,0.091234658,0.665899283857143,3.15975447514286
"100","1463.1",68.1774193548387,101.209677419355,8.7258064516129,4.52761904761905,7.06166666666667,0.214761904761905,0.242204203688525,0.032085,0.012245,0.797928328775862,0.567594413033333,2.08353675817073
"101","1463.1",145.935483870968,129.516129032258,3.04838709677419,34.5255737704918,21.9518032786885,0.151666666666667,4.42209381552459,0.336383720930233,0.209088292682927,0.28451191925,0.556509370829268,3.15541561454098
"102","1463.1",101.734375,129.84375,1.375,21.161875,17.91640625,0.17296875,2.70074509375,0.186788524590164,0.12877,0.208148759912281,0.60838968385,3.12356265389062
"103","1463.1",159.357142857143,144.642857142857,9.75,9.19035714285714,13.3989285714286,0.218571428571429,0.690622352428571,0.0929857142857143,0.0347785714285714,0.226431797,0.396470402285714,2.23223041414286
"104","1463.1",174.903225806452,127.41935483871,9.06451612903226,14.9983870967742,20.3374193548387,0.278709677419355,2.244539975625,0.0319387096774194,0.0216777419354839,0.0516026690416667,0.168321965708333,2.33502526958333
"105","1463.2",301.275862068966,117.413793103448,6.6551724137931,12.1072413793103,59.8648275862069,0.198275862068966,3.93003164489655,0.866441379310345,0.301010714285714,1.67917717925,0.789226289071429,2.91995985924138
"106","1463.2",106,100.714285714286,4.21428571428571,19.7428571428571,39.5542857142857,0.602857142857143,2.21496504171429,0.130642857142857,0.0805385714285714,0.0638699285714286,0.573367150571429,NA
"107","1463.2",103.829268292683,101.219512195122,4.85365853658537,38.7238636363636,31.7497727272727,0.251818181818182,8.08765475544444,0.360687878787879,0.21820303030303,0.2044249133125,0.4663230554,4.20687579940741
"108","1463.2",101.75,121.458333333333,7.125,9.9,26.76,0.33625,1.04418180128571,0.0419764705882353,0.0276429411764706,0.0881516051428572,0.586190863571429,4.65678192321429
"109","1463.2",336.125,141.875,1.91666666666667,15.2341666666667,41.825,0.290833333333333,1.54184010185714,0.472858333333333,0.1343375,1.26269068785714,0.618509057571429,5.64145701785714
"110","1463.2",129.285714285714,156.428571428571,12,6.87,10.7985714285714,0.327142857142857,0.517526875142857,0.0667142857142857,0.0405285714285714,0.558603521714286,0.839522143,2.30403220457143
"111","1463.2",191.470588235294,135.882352941176,6.17647058823529,18.6438235294118,58.6508823529412,0.202647058823529,6.771067494,0.359376470588235,0.172008823529412,0.25758510930303,0.340359935090909,3.0104864715
"112","1463.2",341.7,89.5,28.5,18.801,36.228,0.174,4.6265466662,0.2648,0.137266666666667,0.0321459406666667,0.399163038333333,3.3096991657
"113","1463.2",119.666666666667,133.571428571429,26.952380952381,1.13904761904762,8.60047619047619,0.193333333333333,0.0820115308095238,0.00974285714285714,0.00383333333333333,0.819460428619048,0.573086195333333,2.42516649633333
"114","1463.2",265.214285714286,87.9285714285714,14.4642857142857,12.9875,24.9503571428571,0.227857142857143,2.41476121189286,0.0654285714285714,0.0547548148148148,0.0508972693703704,0.285453076962963,2.20048012989286
"115","1463.2",221.056338028169,133.380281690141,4.94366197183099,15.8695774647887,68.6512676056338,0.218732394366197,5.57522242049296,0.372601694915254,0.242222166666667,0.252129436258621,0.483569774116667,3.38568207642254
"116","1463.2",294.222222222222,120.185185185185,7.40740740740741,11.07125,33.2958333333333,0.28375,2.72100341045833,0.197522727272727,0.178372727272727,0.0775256197272727,0.649451826272727,2.52462955304167
"117","1463.2",104.928571428571,128.214285714286,4.57142857142857,9.52,9.11785714285714,0.223571428571429,0.508190117571429,0.185114285714286,0.0852285714285714,2.86382796064286,2.97419466221429,3.04037237835714
"118","1463.2",188.454545454545,142.727272727273,8.72727272727273,12.297,44.917,0.378,2.48162418925,0.0925272727272727,0.0342809090909091,0.15990294425,0.313109329,3.97423378433333
"119","1463.2",138.607142857143,126.571428571429,3,13.4042857142857,15.1196428571429,0.235357142857143,1.29621256771429,0.0868615384615385,0.079604,0.0342152212631579,0.495931787,2.23478555185714
"120","1463.2",167,165.714285714286,4.28571428571429,7.28428571428571,33.5857142857143,0.215714285714286,1.60362722814286,0.234,0.0644142857142857,1.03361259214286,0.420761390285714,2.43824154757143
"121","1463.2",387.6,119.333333333333,3.3,45.1916666666667,48.788,0.171333333333333,7.96051264756667,0.547992857142857,0.437982142857143,0.152694058428571,0.566312551071429,4.89624582963333
"122","1463.2",293.416666666667,129.583333333333,5.875,15.6842857142857,109.004285714286,0.372857142857143,9.60521277429167,1.08040869565217,0.679108695652174,0.373562420521739,0.69134456073913,3.38271248485714
"123","1463.2",343.642857142857,130,7.21428571428571,NA,NA,NA,15.3726786535385,1.75381538461538,1.09553846153846,0.399466865846154,1.23816820723077,NA
"124","1463.2",90.8947368421053,105,3.34210526315789,21.4910526315789,17.1860526315789,0.236578947368421,2.34751550280952,0.161175,0.0926152777777778,0.10200127252381,0.43392181325,2.20446951504762
"125","1463.2",55.7241379310345,107.844827586207,5.27586206896552,14.4508771929825,10.9970175438596,0.144561403508772,0.74304078966,0.0626482142857143,0.0356218181818182,0.363634945604167,0.613107795520833,3.97666911840816
"126","1463.2",94.5882352941177,91.1764705882353,4.17647058823529,8.78,19.5041176470588,0.2,1.18256607764706,0.0901214285714286,0.0687428571428571,0.3231091865,0.522099341928571,2.60385946382353
"127","1463.2",341.727272727273,98.1515151515152,2.15151515151515,45.5898507462687,41.7916417910448,0.24089552238806,7.95918687052542,0.710111111111111,0.419944193548387,0.380324632981132,0.755530963777778,5.57224619987931
"128","1463.2",133.666666666667,122.352941176471,2.09803921568627,32.7073684210526,26.7639473684211,0.355,5.7783147824,0.601020930232558,0.254653488372093,0.245270507241379,1.03084427758621,6.08550687483333
"129","1463.2",216.285714285714,129.285714285714,2.57142857142857,36.0085714285714,33.9771428571429,0.385714285714286,5.24889439614286,0.734142857142857,0.297657142857143,0.759017323428571,0.571782730142857,3.92233238942857
"130","1463.2",193.470588235294,118.529411764706,6.79411764705882,12.3655,81.1605,0.1515,4.7534748417037,0.354334615384615,0.223330769230769,0.210129494941176,0.556620360578947,6.26097364545
"131","1463.2",147,119.411764705882,9.17647058823529,24.8958823529412,93.1264705882353,0.252352941176471,6.89428990014286,0.3988375,0.4668,0.091234658,0.665899283857143,3.15975447514286
"132","1463.2",68.1774193548387,101.209677419355,8.7258064516129,4.52761904761905,7.06166666666667,0.214761904761905,0.242204203688525,0.032085,0.012245,0.797928328775862,0.567594413033333,2.08353675817073
"133","1463.2",101.734375,129.84375,1.375,21.161875,17.91640625,0.17296875,2.70074509375,0.186788524590164,0.12877,0.208148759912281,0.60838968385,3.12356265389062
"134","1463.2",159.357142857143,144.642857142857,9.75,9.19035714285714,13.3989285714286,0.218571428571429,0.690622352428571,0.0929857142857143,0.0347785714285714,0.226431797,0.396470402285714,2.23223041414286
"135","1463.2",174.903225806452,127.41935483871,9.06451612903226,14.9983870967742,20.3374193548387,0.278709677419355,2.244539975625,0.0319387096774194,0.0216777419354839,0.0516026690416667,0.168321965708333,2.33502526958333
"136","1463.3",301.275862068966,117.413793103448,6.6551724137931,12.1072413793103,59.8648275862069,0.198275862068966,3.93003164489655,0.866441379310345,0.301010714285714,1.67917717925,0.789226289071429,2.91995985924138
"137","1463.3",814.142857142857,114.285714285714,15,20.3557142857143,77.0071428571429,0.284285714285714,5.835658443,2.38917142857143,0.628114285714286,3.40879278557143,1.17257334414286,4.43147525214286
"138","1463.3",54.8571428571429,138.571428571429,17.5714285714286,72.2842857142857,20.5971428571429,0.494285714285714,7.42451817471429,1.21571428571429,1.13916666666667,0.271781969166667,2.10250639066667,5.94213250014286
"139","1463.3",336.125,141.875,1.91666666666667,15.2341666666667,41.825,0.290833333333333,1.54184010185714,0.472858333333333,0.1343375,1.26269068785714,0.618509057571429,5.64145701785714
"140","1463.3",265.214285714286,87.9285714285714,14.4642857142857,12.9875,24.9503571428571,0.227857142857143,2.41476121189286,0.0654285714285714,0.0547548148148148,0.0508972693703704,0.285453076962963,2.20048012989286
"141","1463.3",221.056338028169,133.380281690141,4.94366197183099,15.8695774647887,68.6512676056338,0.218732394366197,5.57522242049296,0.372601694915254,0.242222166666667,0.252129436258621,0.483569774116667,3.38568207642254
"142","1463.3",294.222222222222,120.185185185185,7.40740740740741,11.07125,33.2958333333333,0.28375,2.72100341045833,0.197522727272727,0.178372727272727,0.0775256197272727,0.649451826272727,2.52462955304167
"143","1463.3",387.6,119.333333333333,3.3,45.1916666666667,48.788,0.171333333333333,7.96051264756667,0.547992857142857,0.437982142857143,0.152694058428571,0.566312551071429,4.89624582963333
"144","1463.3",293.416666666667,129.583333333333,5.875,15.6842857142857,109.004285714286,0.372857142857143,9.60521277429167,1.08040869565217,0.679108695652174,0.373562420521739,0.69134456073913,3.38271248485714
"145","1463.3",55.7241379310345,107.844827586207,5.27586206896552,14.4508771929825,10.9970175438596,0.144561403508772,0.74304078966,0.0626482142857143,0.0356218181818182,0.363634945604167,0.613107795520833,3.97666911840816
"146","1463.3",341.727272727273,98.1515151515152,2.15151515151515,45.5898507462687,41.7916417910448,0.24089552238806,7.95918687052542,0.710111111111111,0.419944193548387,0.380324632981132,0.755530963777778,5.57224619987931
"147","1463.3",389,138.214285714286,5.21428571428571,31.0892857142857,61.6128571428571,0.191428571428571,5.41858337685714,0.384064285714286,0.341076923076923,0.0824777583846154,0.70050506,7.82348955492857
"148","1463.3",193.470588235294,118.529411764706,6.79411764705882,12.3655,81.1605,0.1515,4.7534748417037,0.354334615384615,0.223330769230769,0.210129494941176,0.556620360578947,6.26097364545
"149","1463.3",145.935483870968,129.516129032258,3.04838709677419,34.5255737704918,21.9518032786885,0.151666666666667,4.42209381552459,0.336383720930233,0.209088292682927,0.28451191925,0.556509370829268,3.15541561454098
"150","1632.1",301.275862068966,117.413793103448,6.6551724137931,12.1072413793103,59.8648275862069,0.198275862068966,3.93003164489655,0.866441379310345,0.301010714285714,1.67917717925,0.789226289071429,2.91995985924138
"151","1632.1",221.056338028169,133.380281690141,4.94366197183099,15.8695774647887,68.6512676056338,0.218732394366197,5.57522242049296,0.372601694915254,0.242222166666667,0.252129436258621,0.483569774116667,3.38568207642254
"152","1632.1",188.454545454545,142.727272727273,8.72727272727273,12.297,44.917,0.378,2.48162418925,0.0925272727272727,0.0342809090909091,0.15990294425,0.313109329,3.97423378433333
"153","1632.1",90.8947368421053,105,3.34210526315789,21.4910526315789,17.1860526315789,0.236578947368421,2.34751550280952,0.161175,0.0926152777777778,0.10200127252381,0.43392181325,2.20446951504762
"154","1632.1",55.7241379310345,107.844827586207,5.27586206896552,14.4508771929825,10.9970175438596,0.144561403508772,0.74304078966,0.0626482142857143,0.0356218181818182,0.363634945604167,0.613107795520833,3.97666911840816
"155","1632.1",341.727272727273,98.1515151515152,2.15151515151515,45.5898507462687,41.7916417910448,0.24089552238806,7.95918687052542,0.710111111111111,0.419944193548387,0.380324632981132,0.755530963777778,5.57224619987931
"156","1632.1",133.666666666667,122.352941176471,2.09803921568627,32.7073684210526,26.7639473684211,0.355,5.7783147824,0.601020930232558,0.254653488372093,0.245270507241379,1.03084427758621,6.08550687483333
"157","1632.1",482.754716981132,134.811320754717,3.13461538461538,27.2133333333333,54.6621568627451,0.301176470588235,11.5869841168727,1.46334655172414,0.542381034482759,1.01063013428261,0.511818758945455,2.27223962514
"158","1632.1",193.470588235294,118.529411764706,6.79411764705882,12.3655,81.1605,0.1515,4.7534748417037,0.354334615384615,0.223330769230769,0.210129494941176,0.556620360578947,6.26097364545
"159","1632.1",145.935483870968,129.516129032258,3.04838709677419,34.5255737704918,21.9518032786885,0.151666666666667,4.42209381552459,0.336383720930233,0.209088292682927,0.28451191925,0.556509370829268,3.15541561454098
"160","1632.1",101.734375,129.84375,1.375,21.161875,17.91640625,0.17296875,2.70074509375,0.186788524590164,0.12877,0.208148759912281,0.60838968385,3.12356265389062
"161","1632.1",102.37037037037,149.444444444444,9.7037037037037,6.65,10.6866666666667,0.204074074074074,0.673571984740741,0.0589882352941176,0.0232411764705882,0.25108658825,0.347544037588235,1.99693021607407
"162","1632.2",301.275862068966,117.413793103448,6.6551724137931,12.1072413793103,59.8648275862069,0.198275862068966,3.93003164489655,0.866441379310345,0.301010714285714,1.67917717925,0.789226289071429,2.91995985924138
"163","1632.2",158.612903225806,135.483870967742,13.9677419354839,6.45294117647059,34.0564705882353,0.212352941176471,0.413193793291667,0.0773208333333333,0.0254608695652174,1.19034805921739,0.611938517347826,2.1963096144
"164","1632.2",96.2941176470588,122.352941176471,14.4705882352941,6.964,7.523,0.169,0.347364178529412,0.05054375,0.01841875,0.809196698666667,0.6571718373125,2.4136228423
"165","1632.2",182.25,116.666666666667,3.125,22.7547916666667,19.24125,0.464583333333333,2.65300166948148,0.290935416666667,0.206319583333333,0.184231995692308,1.27451564796296,2.11295409855556
"166","1632.2",221.056338028169,133.380281690141,4.94366197183099,15.8695774647887,68.6512676056338,0.218732394366197,5.57522242049296,0.372601694915254,0.242222166666667,0.252129436258621,0.483569774116667,3.38568207642254
"167","1632.2",188.454545454545,142.727272727273,8.72727272727273,12.297,44.917,0.378,2.48162418925,0.0925272727272727,0.0342809090909091,0.15990294425,0.313109329,3.97423378433333
"168","1632.2",90.8947368421053,105,3.34210526315789,21.4910526315789,17.1860526315789,0.236578947368421,2.34751550280952,0.161175,0.0926152777777778,0.10200127252381,0.43392181325,2.20446951504762
"169","1632.2",55.7241379310345,107.844827586207,5.27586206896552,14.4508771929825,10.9970175438596,0.144561403508772,0.74304078966,0.0626482142857143,0.0356218181818182,0.363634945604167,0.613107795520833,3.97666911840816
"170","1632.2",341.727272727273,98.1515151515152,2.15151515151515,45.5898507462687,41.7916417910448,0.24089552238806,7.95918687052542,0.710111111111111,0.419944193548387,0.380324632981132,0.755530963777778,5.57224619987931
"171","1632.2",133.666666666667,122.352941176471,2.09803921568627,32.7073684210526,26.7639473684211,0.355,5.7783147824,0.601020930232558,0.254653488372093,0.245270507241379,1.03084427758621,6.08550687483333
"172","1632.2",193.470588235294,118.529411764706,6.79411764705882,12.3655,81.1605,0.1515,4.7534748417037,0.354334615384615,0.223330769230769,0.210129494941176,0.556620360578947,6.26097364545
"173","1632.2",68.1774193548387,101.209677419355,8.7258064516129,4.52761904761905,7.06166666666667,0.214761904761905,0.242204203688525,0.032085,0.012245,0.797928328775862,0.567594413033333,2.08353675817073
"174","1632.2",145.935483870968,129.516129032258,3.04838709677419,34.5255737704918,21.9518032786885,0.151666666666667,4.42209381552459,0.336383720930233,0.209088292682927,0.28451191925,0.556509370829268,3.15541561454098
"175","1632.2",101.734375,129.84375,1.375,21.161875,17.91640625,0.17296875,2.70074509375,0.186788524590164,0.12877,0.208148759912281,0.60838968385,3.12356265389062
"176","1632.2",102.294117647059,151.470588235294,8.05882352941176,8.15705882352941,15.7176470588235,0.19,1.03238244688235,0.0196764705882353,0.0104864705882353,0.0991589975294118,0.198564623,2.230579364
"177","1632.2",102.37037037037,149.444444444444,9.7037037037037,6.65,10.6866666666667,0.204074074074074,0.673571984740741,0.0589882352941176,0.0232411764705882,0.25108658825,0.347544037588235,1.99693021607407
"178","1632.3",301.275862068966,117.413793103448,6.6551724137931,12.1072413793103,59.8648275862069,0.198275862068966,3.93003164489655,0.866441379310345,0.301010714285714,1.67917717925,0.789226289071429,2.91995985924138
"179","1632.3",158.612903225806,135.483870967742,13.9677419354839,6.45294117647059,34.0564705882353,0.212352941176471,0.413193793291667,0.0773208333333333,0.0254608695652174,1.19034805921739,0.611938517347826,2.1963096144
"180","1632.3",96.2941176470588,122.352941176471,14.4705882352941,6.964,7.523,0.169,0.347364178529412,0.05054375,0.01841875,0.809196698666667,0.6571718373125,2.4136228423
"181","1632.3",174.571428571429,118.571428571429,5.57142857142857,8.14142857142857,38.5928571428571,0.27,2.32644924328571,0.0949428571428571,0.0873,0.0334258327142857,0.372784344285714,2.145623562
"182","1632.3",182.25,116.666666666667,3.125,22.7547916666667,19.24125,0.464583333333333,2.65300166948148,0.290935416666667,0.206319583333333,0.184231995692308,1.27451564796296,2.11295409855556
"183","1632.3",265.214285714286,87.9285714285714,14.4642857142857,12.9875,24.9503571428571,0.227857142857143,2.41476121189286,0.0654285714285714,0.0547548148148148,0.0508972693703704,0.285453076962963,2.20048012989286
"184","1632.3",221.056338028169,133.380281690141,4.94366197183099,15.8695774647887,68.6512676056338,0.218732394366197,5.57522242049296,0.372601694915254,0.242222166666667,0.252129436258621,0.483569774116667,3.38568207642254
"185","1632.3",294.222222222222,120.185185185185,7.40740740740741,11.07125,33.2958333333333,0.28375,2.72100341045833,0.197522727272727,0.178372727272727,0.0775256197272727,0.649451826272727,2.52462955304167
"186","1632.3",90.8947368421053,105,3.34210526315789,21.4910526315789,17.1860526315789,0.236578947368421,2.34751550280952,0.161175,0.0926152777777778,0.10200127252381,0.43392181325,2.20446951504762
"187","1632.3",55.7241379310345,107.844827586207,5.27586206896552,14.4508771929825,10.9970175438596,0.144561403508772,0.74304078966,0.0626482142857143,0.0356218181818182,0.363634945604167,0.613107795520833,3.97666911840816
"188","1632.3",341.727272727273,98.1515151515152,2.15151515151515,45.5898507462687,41.7916417910448,0.24089552238806,7.95918687052542,0.710111111111111,0.419944193548387,0.380324632981132,0.755530963777778,5.57224619987931
"189","1632.3",133.666666666667,122.352941176471,2.09803921568627,32.7073684210526,26.7639473684211,0.355,5.7783147824,0.601020930232558,0.254653488372093,0.245270507241379,1.03084427758621,6.08550687483333
"190","1632.3",357.428571428571,92.1428571428571,5.85714285714286,37.4685714285714,29.7042857142857,0.25,8.06171388985714,0.305214285714286,0.272542857142857,0.039158281,0.339093244,2.32212392085714
"191","1632.3",193.470588235294,118.529411764706,6.79411764705882,12.3655,81.1605,0.1515,4.7534748417037,0.354334615384615,0.223330769230769,0.210129494941176,0.556620360578947,6.26097364545
"192","1632.3",369.642857142857,123.214285714286,9,17.2092857142857,38.7207142857143,0.222142857142857,4.89785438064286,0.372035714285714,0.197357142857143,0.273540672357143,0.384294166,2.31733470835714
"193","1632.3",68.1774193548387,101.209677419355,8.7258064516129,4.52761904761905,7.06166666666667,0.214761904761905,0.242204203688525,0.032085,0.012245,0.797928328775862,0.567594413033333,2.08353675817073
"194","1632.3",145.935483870968,129.516129032258,3.04838709677419,34.5255737704918,21.9518032786885,0.151666666666667,4.42209381552459,0.336383720930233,0.209088292682927,0.28451191925,0.556509370829268,3.15541561454098
"195","1632.3",101.734375,129.84375,1.375,21.161875,17.91640625,0.17296875,2.70074509375,0.186788524590164,0.12877,0.208148759912281,0.60838968385,3.12356265389062
"196","1632.3",331.428571428571,106.428571428571,2.71428571428571,55.9385714285714,49.9471428571429,0.244285714285714,15.6188915028571,1.64722857142857,0.854628571428571,0.435266847571429,0.572958892714286,3.07216895042857
"197","1860.1",301.275862068966,117.413793103448,6.6551724137931,12.1072413793103,59.8648275862069,0.198275862068966,3.93003164489655,0.866441379310345,0.301010714285714,1.67917717925,0.789226289071429,2.91995985924138
"198","1860.1",103.829268292683,101.219512195122,4.85365853658537,38.7238636363636,31.7497727272727,0.251818181818182,8.08765475544444,0.360687878787879,0.21820303030303,0.2044249133125,0.4663230554,4.20687579940741
"199","1860.1",131.536585365854,122.439024390244,2.75609756097561,32.0997916666667,37.8366666666667,0.217291666666667,5.07426901505882,0.82005625,0.340169565217391,0.6214303215625,0.681158384129032,4.65942386997059
"200","1860.1",111.4,158.375,119.125,0.65775,2.186,0.29725,0.01089754795,0.0051,0.0043,0.682414228,3.667976475,2.2463412773
"201","1860.1",336.125,141.875,1.91666666666667,15.2341666666667,41.825,0.290833333333333,1.54184010185714,0.472858333333333,0.1343375,1.26269068785714,0.618509057571429,5.64145701785714
"202","1860.1",191.470588235294,135.882352941176,6.17647058823529,18.6438235294118,58.6508823529412,0.202647058823529,6.771067494,0.359376470588235,0.172008823529412,0.25758510930303,0.340359935090909,3.0104864715
"203","1860.1",119.666666666667,133.571428571429,26.952380952381,1.13904761904762,8.60047619047619,0.193333333333333,0.0820115308095238,0.00974285714285714,0.00383333333333333,0.819460428619048,0.573086195333333,2.42516649633333
"204","1860.1",86.2857142857143,118.095238095238,5.23809523809524,7.16809523809524,17.9471428571429,0.304761904761905,1.35913696842857,0.173442857142857,0.0599285714285714,0.923958327428571,0.800887921571429,2.35960695471429
"205","1860.1",187.625,141.458333333333,4.58333333333333,40.4944117647059,82.0855882352941,0.379411764705882,17.6672992967,3.80192121212121,1.5026,1.13643920755556,1.17682431047368,3.56083875155
"206","1860.1",198.9,147.5,5.55,10.1165,62.564,0.3265,4.0021464998,0.5679,0.17769,1.35440202885,0.5102189483,3.32075688255
"207","1860.1",221.056338028169,133.380281690141,4.94366197183099,15.8695774647887,68.6512676056338,0.218732394366197,5.57522242049296,0.372601694915254,0.242222166666667,0.252129436258621,0.483569774116667,3.38568207642254
"208","1860.1",18.1285714285714,120.714285714286,14.6666666666667,2.23714285714286,5.28904761904762,0.861904761904762,0.07404393,0.0473142857142857,0.0289714285714286,1.49372325757143,2.63554737457143,1.95501446471429
"209","1860.1",123.553191489362,142.553191489362,2.125,4.49333333333333,35.2068888888889,0.281777777777778,1.22120331075,0.146317948717949,0.0983538461538462,0.552675863742857,0.824000079722222,2.50453512188095
"210","1860.1",90.8947368421053,105,3.34210526315789,21.4910526315789,17.1860526315789,0.236578947368421,2.34751550280952,0.161175,0.0926152777777778,0.10200127252381,0.43392181325,2.20446951504762
"211","1860.1",55.7241379310345,107.844827586207,5.27586206896552,14.4508771929825,10.9970175438596,0.144561403508772,0.74304078966,0.0626482142857143,0.0356218181818182,0.363634945604167,0.613107795520833,3.97666911840816
"212","1860.1",341.727272727273,98.1515151515152,2.15151515151515,45.5898507462687,41.7916417910448,0.24089552238806,7.95918687052542,0.710111111111111,0.419944193548387,0.380324632981132,0.755530963777778,5.57224619987931
"213","1860.1",133.666666666667,122.352941176471,2.09803921568627,32.7073684210526,26.7639473684211,0.355,5.7783147824,0.601020930232558,0.254653488372093,0.245270507241379,1.03084427758621,6.08550687483333
"214","1860.1",447.5,129,10.4,10.074,28.107,0.354,1.946575826,1.038,0.64382,2.2326579214,3.5811657371,2.3615357593
"215","1860.1",193.470588235294,118.529411764706,6.79411764705882,12.3655,81.1605,0.1515,4.7534748417037,0.354334615384615,0.223330769230769,0.210129494941176,0.556620360578947,6.26097364545
"216","1860.1",75.5238095238095,89.2857142857143,3.66666666666667,10.215,8.42714285714286,0.316428571428571,0.537604296333333,0.112728571428571,0.0396,1.18502830266667,0.893549773666667,NA
"217","1860.1",145.935483870968,129.516129032258,3.04838709677419,34.5255737704918,21.9518032786885,0.151666666666667,4.42209381552459,0.336383720930233,0.209088292682927,0.28451191925,0.556509370829268,3.15541561454098
"218","1860.1",101.734375,129.84375,1.375,21.161875,17.91640625,0.17296875,2.70074509375,0.186788524590164,0.12877,0.208148759912281,0.60838968385,3.12356265389062
"219","1860.2",103.829268292683,101.219512195122,4.85365853658537,38.7238636363636,31.7497727272727,0.251818181818182,8.08765475544444,0.360687878787879,0.21820303030303,0.2044249133125,0.4663230554,4.20687579940741
"220","1860.2",131.536585365854,122.439024390244,2.75609756097561,32.0997916666667,37.8366666666667,0.217291666666667,5.07426901505882,0.82005625,0.340169565217391,0.6214303215625,0.681158384129032,4.65942386997059
"221","1860.2",111.4,158.375,119.125,0.65775,2.186,0.29725,0.01089754795,0.0051,0.0043,0.682414228,3.667976475,2.2463412773
"222","1860.2",158.612903225806,135.483870967742,13.9677419354839,6.45294117647059,34.0564705882353,0.212352941176471,0.413193793291667,0.0773208333333333,0.0254608695652174,1.19034805921739,0.611938517347826,2.1963096144
"223","1860.2",172,149,7.2,16.458,22.233,0.227,1.7316581148,0.120222222222222,0.0708555555555556,0.322695200777778,0.489042594666667,4.3504988666
"224","1860.2",336.125,141.875,1.91666666666667,15.2341666666667,41.825,0.290833333333333,1.54184010185714,0.472858333333333,0.1343375,1.26269068785714,0.618509057571429,5.64145701785714
"225","1860.2",187.625,141.458333333333,4.58333333333333,40.4944117647059,82.0855882352941,0.379411764705882,17.6672992967,3.80192121212121,1.5026,1.13643920755556,1.17682431047368,3.56083875155
"226","1860.2",198.9,147.5,5.55,10.1165,62.564,0.3265,4.0021464998,0.5679,0.17769,1.35440202885,0.5102189483,3.32075688255
"227","1860.2",221.056338028169,133.380281690141,4.94366197183099,15.8695774647887,68.6512676056338,0.218732394366197,5.57522242049296,0.372601694915254,0.242222166666667,0.252129436258621,0.483569774116667,3.38568207642254
"228","1860.2",90.8947368421053,105,3.34210526315789,21.4910526315789,17.1860526315789,0.236578947368421,2.34751550280952,0.161175,0.0926152777777778,0.10200127252381,0.43392181325,2.20446951504762
"229","1860.2",341.727272727273,98.1515151515152,2.15151515151515,45.5898507462687,41.7916417910448,0.24089552238806,7.95918687052542,0.710111111111111,0.419944193548387,0.380324632981132,0.755530963777778,5.57224619987931
"230","1860.2",447.5,129,10.4,10.074,28.107,0.354,1.946575826,1.038,0.64382,2.2326579214,3.5811657371,2.3615357593
"231","1860.2",783.588235294118,100.588235294118,3.94117647058824,65.1925925925926,95.7437037037037,0.325925925925926,49.695408365,6.23361176470588,3.15488058823529,0.4793048585,0.6451422054375,2.58678827553846
"232","1860.2",193.470588235294,118.529411764706,6.79411764705882,12.3655,81.1605,0.1515,4.7534748417037,0.354334615384615,0.223330769230769,0.210129494941176,0.556620360578947,6.26097364545
"233","1860.2",174.903225806452,127.41935483871,9.06451612903226,14.9983870967742,20.3374193548387,0.278709677419355,2.244539975625,0.0319387096774194,0.0216777419354839,0.0516026690416667,0.168321965708333,2.33502526958333
"234","1860.3",301.275862068966,117.413793103448,6.6551724137931,12.1072413793103,59.8648275862069,0.198275862068966,3.93003164489655,0.866441379310345,0.301010714285714,1.67917717925,0.789226289071429,2.91995985924138
"235","1860.3",103.829268292683,101.219512195122,4.85365853658537,38.7238636363636,31.7497727272727,0.251818181818182,8.08765475544444,0.360687878787879,0.21820303030303,0.2044249133125,0.4663230554,4.20687579940741
"236","1860.3",111.4,158.375,119.125,0.65775,2.186,0.29725,0.01089754795,0.0051,0.0043,0.682414228,3.667976475,2.2463412773
"237","1860.3",158.612903225806,135.483870967742,13.9677419354839,6.45294117647059,34.0564705882353,0.212352941176471,0.413193793291667,0.0773208333333333,0.0254608695652174,1.19034805921739,0.611938517347826,2.1963096144
"238","1860.3",336.125,141.875,1.91666666666667,15.2341666666667,41.825,0.290833333333333,1.54184010185714,0.472858333333333,0.1343375,1.26269068785714,0.618509057571429,5.64145701785714
"239","1860.3",191.470588235294,135.882352941176,6.17647058823529,18.6438235294118,58.6508823529412,0.202647058823529,6.771067494,0.359376470588235,0.172008823529412,0.25758510930303,0.340359935090909,3.0104864715
"240","1860.3",119.666666666667,133.571428571429,26.952380952381,1.13904761904762,8.60047619047619,0.193333333333333,0.0820115308095238,0.00974285714285714,0.00383333333333333,0.819460428619048,0.573086195333333,2.42516649633333
"241","1860.3",187.625,141.458333333333,4.58333333333333,40.4944117647059,82.0855882352941,0.379411764705882,17.6672992967,3.80192121212121,1.5026,1.13643920755556,1.17682431047368,3.56083875155
"242","1860.3",221.056338028169,133.380281690141,4.94366197183099,15.8695774647887,68.6512676056338,0.218732394366197,5.57522242049296,0.372601694915254,0.242222166666667,0.252129436258621,0.483569774116667,3.38568207642254
"243","1860.3",123.553191489362,142.553191489362,2.125,4.49333333333333,35.2068888888889,0.281777777777778,1.22120331075,0.146317948717949,0.0983538461538462,0.552675863742857,0.824000079722222,2.50453512188095
"244","1860.3",90.8947368421053,105,3.34210526315789,21.4910526315789,17.1860526315789,0.236578947368421,2.34751550280952,0.161175,0.0926152777777778,0.10200127252381,0.43392181325,2.20446951504762
"245","1860.3",27.9259259259259,136.296296296296,7.81481481481481,7.0562962962963,11.0940740740741,0.295555555555556,0.507508149692308,0.0784555555555556,0.0202185185185185,0.606913497230769,0.496621971461538,2.85474385353846
"246","1860.3",341.727272727273,98.1515151515152,2.15151515151515,45.5898507462687,41.7916417910448,0.24089552238806,7.95918687052542,0.710111111111111,0.419944193548387,0.380324632981132,0.755530963777778,5.57224619987931
"247","1860.3",133.666666666667,122.352941176471,2.09803921568627,32.7073684210526,26.7639473684211,0.355,5.7783147824,0.601020930232558,0.254653488372093,0.245270507241379,1.03084427758621,6.08550687483333
"248","1860.3",447.5,129,10.4,10.074,28.107,0.354,1.946575826,1.038,0.64382,2.2326579214,3.5811657371,2.3615357593
"249","1860.3",482.754716981132,134.811320754717,3.13461538461538,27.2133333333333,54.6621568627451,0.301176470588235,11.5869841168727,1.46334655172414,0.542381034482759,1.01063013428261,0.511818758945455,2.27223962514
"250","1860.3",783.588235294118,100.588235294118,3.94117647058824,65.1925925925926,95.7437037037037,0.325925925925926,49.695408365,6.23361176470588,3.15488058823529,0.4793048585,0.6451422054375,2.58678827553846
"251","1860.3",87.7058823529412,146.470588235294,9.94117647058824,7.05823529411765,14.3088235294118,0.4,0.604279028294118,0.0263714285714286,0.0239571428571429,0.095263348,0.974219761428571,3.12187296394118
"252","1860.3",75.5238095238095,89.2857142857143,3.66666666666667,10.215,8.42714285714286,0.316428571428571,0.537604296333333,0.112728571428571,0.0396,1.18502830266667,0.893549773666667,NA
"253","1860.3",101.734375,129.84375,1.375,21.161875,17.91640625,0.17296875,2.70074509375,0.186788524590164,0.12877,0.208148759912281,0.60838968385,3.12356265389062
"254","1860.3",147.647058823529,95,4.47058823529412,20.3,23.8714285714286,0.215,4.2797398360625,0.347747058823529,0.193841176470588,0.4252686063125,0.5632007224375,2.35349169038462
"255","2080.1",114.725,133.625,8.8,2.8972972972973,25.5408108108108,0.169189189189189,0.578494769075,0.0834766666666667,0.0299566666666667,0.8215955545,0.507150797233333,2.14753878843243
"256","2080.1",198.9,147.5,5.55,10.1165,62.564,0.3265,4.0021464998,0.5679,0.17769,1.35440202885,0.5102189483,3.32075688255
"257","2080.1",221.056338028169,133.380281690141,4.94366197183099,15.8695774647887,68.6512676056338,0.218732394366197,5.57522242049296,0.372601694915254,0.242222166666667,0.252129436258621,0.483569774116667,3.38568207642254
"258","2080.1",130.35,142,8.15,1.224,68.6695,0.3055,0.64473899205,0.14884,0.044875,1.4854898313,0.68659624515,2.02278372605
"259","2080.1",341.727272727273,98.1515151515152,2.15151515151515,45.5898507462687,41.7916417910448,0.24089552238806,7.95918687052542,0.710111111111111,0.419944193548387,0.380324632981132,0.755530963777778,5.57224619987931
"260","2080.1",68.1774193548387,101.209677419355,8.7258064516129,4.52761904761905,7.06166666666667,0.214761904761905,0.242204203688525,0.032085,0.012245,0.797928328775862,0.567594413033333,2.08353675817073
"261","2080.1",145.935483870968,129.516129032258,3.04838709677419,34.5255737704918,21.9518032786885,0.151666666666667,4.42209381552459,0.336383720930233,0.209088292682927,0.28451191925,0.556509370829268,3.15541561454098
"262","2080.2",103.829268292683,101.219512195122,4.85365853658537,38.7238636363636,31.7497727272727,0.251818181818182,8.08765475544444,0.360687878787879,0.21820303030303,0.2044249133125,0.4663230554,4.20687579940741
"263","2080.2",131.536585365854,122.439024390244,2.75609756097561,32.0997916666667,37.8366666666667,0.217291666666667,5.07426901505882,0.82005625,0.340169565217391,0.6214303215625,0.681158384129032,4.65942386997059
"264","2080.2",149.428571428571,102.857142857143,1.14285714285714,58.9985714285714,45.8885714285714,0.36,NA,3.69957142857143,0.81709,NA,NA,NA
"265","2080.2",114.725,133.625,8.8,2.8972972972973,25.5408108108108,0.169189189189189,0.578494769075,0.0834766666666667,0.0299566666666667,0.8215955545,0.507150797233333,2.14753878843243
"266","2080.2",191.470588235294,135.882352941176,6.17647058823529,18.6438235294118,58.6508823529412,0.202647058823529,6.771067494,0.359376470588235,0.172008823529412,0.25758510930303,0.340359935090909,3.0104864715
"267","2080.2",86.2857142857143,118.095238095238,5.23809523809524,7.16809523809524,17.9471428571429,0.304761904761905,1.35913696842857,0.173442857142857,0.0599285714285714,0.923958327428571,0.800887921571429,2.35960695471429
"268","2080.2",187.625,141.458333333333,4.58333333333333,40.4944117647059,82.0855882352941,0.379411764705882,17.6672992967,3.80192121212121,1.5026,1.13643920755556,1.17682431047368,3.56083875155
"269","2080.2",198.9,147.5,5.55,10.1165,62.564,0.3265,4.0021464998,0.5679,0.17769,1.35440202885,0.5102189483,3.32075688255
"270","2080.2",182.25,116.666666666667,3.125,22.7547916666667,19.24125,0.464583333333333,2.65300166948148,0.290935416666667,0.206319583333333,0.184231995692308,1.27451564796296,2.11295409855556
"271","2080.2",221.056338028169,133.380281690141,4.94366197183099,15.8695774647887,68.6512676056338,0.218732394366197,5.57522242049296,0.372601694915254,0.242222166666667,0.252129436258621,0.483569774116667,3.38568207642254
"272","2080.2",130.35,142,8.15,1.224,68.6695,0.3055,0.64473899205,0.14884,0.044875,1.4854898313,0.68659624515,2.02278372605
"273","2080.2",90.8947368421053,105,3.34210526315789,21.4910526315789,17.1860526315789,0.236578947368421,2.34751550280952,0.161175,0.0926152777777778,0.10200127252381,0.43392181325,2.20446951504762
"274","2080.2",55.7241379310345,107.844827586207,5.27586206896552,14.4508771929825,10.9970175438596,0.144561403508772,0.74304078966,0.0626482142857143,0.0356218181818182,0.363634945604167,0.613107795520833,3.97666911840816
"275","2080.2",341.727272727273,98.1515151515152,2.15151515151515,45.5898507462687,41.7916417910448,0.24089552238806,7.95918687052542,0.710111111111111,0.419944193548387,0.380324632981132,0.755530963777778,5.57224619987931
"276","2080.2",133.666666666667,122.352941176471,2.09803921568627,32.7073684210526,26.7639473684211,0.355,5.7783147824,0.601020930232558,0.254653488372093,0.245270507241379,1.03084427758621,6.08550687483333
"277","2080.2",68.1774193548387,101.209677419355,8.7258064516129,4.52761904761905,7.06166666666667,0.214761904761905,0.242204203688525,0.032085,0.012245,0.797928328775862,0.567594413033333,2.08353675817073
"278","2080.2",73.7777777777778,97.2222222222222,1.94444444444444,23.0508333333333,18.3166666666667,0.225833333333333,3.0305861635,0.383677142857143,0.161614285714286,0.670707080809524,1.47881911580952,2.61822759313636
"279","2080.3",103.829268292683,101.219512195122,4.85365853658537,38.7238636363636,31.7497727272727,0.251818181818182,8.08765475544444,0.360687878787879,0.21820303030303,0.2044249133125,0.4663230554,4.20687579940741
"280","2080.3",131.536585365854,122.439024390244,2.75609756097561,32.0997916666667,37.8366666666667,0.217291666666667,5.07426901505882,0.82005625,0.340169565217391,0.6214303215625,0.681158384129032,4.65942386997059
"281","2080.3",114.725,133.625,8.8,2.8972972972973,25.5408108108108,0.169189189189189,0.578494769075,0.0834766666666667,0.0299566666666667,0.8215955545,0.507150797233333,2.14753878843243
"282","2080.3",86.2857142857143,118.095238095238,5.23809523809524,7.16809523809524,17.9471428571429,0.304761904761905,1.35913696842857,0.173442857142857,0.0599285714285714,0.923958327428571,0.800887921571429,2.35960695471429
"283","2080.3",187.625,141.458333333333,4.58333333333333,40.4944117647059,82.0855882352941,0.379411764705882,17.6672992967,3.80192121212121,1.5026,1.13643920755556,1.17682431047368,3.56083875155
"284","2080.3",265.214285714286,87.9285714285714,14.4642857142857,12.9875,24.9503571428571,0.227857142857143,2.41476121189286,0.0654285714285714,0.0547548148148148,0.0508972693703704,0.285453076962963,2.20048012989286
"285","2080.3",221.056338028169,133.380281690141,4.94366197183099,15.8695774647887,68.6512676056338,0.218732394366197,5.57522242049296,0.372601694915254,0.242222166666667,0.252129436258621,0.483569774116667,3.38568207642254
"286","2080.3",130.35,142,8.15,1.224,68.6695,0.3055,0.64473899205,0.14884,0.044875,1.4854898313,0.68659624515,2.02278372605
"287","2080.3",55.7241379310345,107.844827586207,5.27586206896552,14.4508771929825,10.9970175438596,0.144561403508772,0.74304078966,0.0626482142857143,0.0356218181818182,0.363634945604167,0.613107795520833,3.97666911840816
"288","2080.3",341.727272727273,98.1515151515152,2.15151515151515,45.5898507462687,41.7916417910448,0.24089552238806,7.95918687052542,0.710111111111111,0.419944193548387,0.380324632981132,0.755530963777778,5.57224619987931
"289","2080.3",133.666666666667,122.352941176471,2.09803921568627,32.7073684210526,26.7639473684211,0.355,5.7783147824,0.601020930232558,0.254653488372093,0.245270507241379,1.03084427758621,6.08550687483333
"290","2080.3",13.3137254901961,159.78431372549,6.41176470588235,1.39607843137255,4.03803921568627,0.261176470588235,0.0350777144090909,0.00521071428571429,0.00241851851851852,0.330435318,0.623359059368421,2.82446511506818
"291","2080.3",264.111111111111,150.555555555556,10.6666666666667,11.9318518518519,36.7918518518519,0.237037037037037,3.57769565248148,0.407552941176471,0.204923529411765,0.393392634714286,0.472514601352941,2.50398109381481
"292","2080.3",68.1774193548387,101.209677419355,8.7258064516129,4.52761904761905,7.06166666666667,0.214761904761905,0.242204203688525,0.032085,0.012245,0.797928328775862,0.567594413033333,2.08353675817073
"293","2080.3",101.734375,129.84375,1.375,21.161875,17.91640625,0.17296875,2.70074509375,0.186788524590164,0.12877,0.208148759912281,0.60838968385,3.12356265389062
"294","2080.3",159.357142857143,144.642857142857,9.75,9.19035714285714,13.3989285714286,0.218571428571429,0.690622352428571,0.0929857142857143,0.0347785714285714,0.226431797,0.396470402285714,2.23223041414286
"295","2080.3",763.6,145.5,8.2,5.21,14.4,0.402,49.030724788,11.2758,3.59927,1.8230137401,0.7719783663,0.0274805772
"296","2283.1",454.285714285714,100.714285714286,11.8571428571429,NA,NA,NA,24.566515703,3.41954285714286,1.5202,0.68406901,0.614944929142857,NA
"297","2283.1",57,173.571428571429,15.4285714285714,2.34071428571429,7.98357142857143,0.149285714285714,0.121681984928571,0.0196571428571429,0.00639285714285714,1.06765837614286,0.521457918571429,2.44708424621429
"298","2283.1",201.785714285714,144.642857142857,6.64285714285714,14.7585714285714,87.8164285714286,0.265,7.73659892392857,0.568684615384615,0.424323076923077,0.230407800833333,0.492616858727273,4.55440072385714
"299","2283.1",114.725,133.625,8.8,2.8972972972973,25.5408108108108,0.169189189189189,0.578494769075,0.0834766666666667,0.0299566666666667,0.8215955545,0.507150797233333,2.14753878843243
"300","2283.1",488,152.142857142857,9.28571428571429,65.7142857142857,163.221428571429,0.435714285714286,58.13774343,20.6003857142857,4.49434285714286,2.58617976171429,0.772324803285714,3.02208318314286
"301","2283.1",191.470588235294,135.882352941176,6.17647058823529,18.6438235294118,58.6508823529412,0.202647058823529,6.771067494,0.359376470588235,0.172008823529412,0.25758510930303,0.340359935090909,3.0104864715
"302","2283.1",59.8947368421053,119.736842105263,11.0545454545455,5.01228070175439,6.64649122807018,0.179122807017544,0.212819573392857,0.0286578947368421,0.0087719298245614,0.926780312666667,0.414846337703704,3.40250866198214
"303","2283.1",90.6470588235294,154.705882352941,2.88235294117647,2.17,21.1828571428571,0.262857142857143,0.292818008,0.0729642857142857,0.0212714285714286,1.784015017,0.755167655714286,1.96550252842857
"304","2283.1",86.2857142857143,118.095238095238,5.23809523809524,7.16809523809524,17.9471428571429,0.304761904761905,1.35913696842857,0.173442857142857,0.0599285714285714,0.923958327428571,0.800887921571429,2.35960695471429
"305","2283.1",NA,NA,NA,11.4857142857143,27.6285714285714,0.35,1.97669370271429,0.108928571428571,0.0765714285714286,0.133578772142857,0.386779724,2.63220816771429
"306","2283.1",187.625,141.458333333333,4.58333333333333,40.4944117647059,82.0855882352941,0.379411764705882,17.6672992967,3.80192121212121,1.5026,1.13643920755556,1.17682431047368,3.56083875155
"307","2283.1",221.056338028169,133.380281690141,4.94366197183099,15.8695774647887,68.6512676056338,0.218732394366197,5.57522242049296,0.372601694915254,0.242222166666667,0.252129436258621,0.483569774116667,3.38568207642254
"308","2283.1",176.5,136.785714285714,2.57142857142857,31.3621428571429,41.1757142857143,0.16,8.16524831642857,1.03142142857143,0.373071428571429,1.058065592,0.494242896285714,2.99949298
"309","2283.1",91.3928571428571,150.555555555556,6.75,7.69714285714286,20.7053571428571,0.201785714285714,1.09435587996296,0.0639705882352941,0.054,0.0424995987857143,2.676795462625,10.4676150441481
"310","2283.1",138.607142857143,126.571428571429,3,13.4042857142857,15.1196428571429,0.235357142857143,1.29621256771429,0.0868615384615385,0.079604,0.0342152212631579,0.495931787,2.23478555185714
"311","2283.1",90.8947368421053,105,3.34210526315789,21.4910526315789,17.1860526315789,0.236578947368421,2.34751550280952,0.161175,0.0926152777777778,0.10200127252381,0.43392181325,2.20446951504762
"312","2283.1",93,132.857142857143,6.14285714285714,18.3014285714286,16.0185714285714,0.205714285714286,2.00578228942857,0.1973,0.181971428571429,0.0781419231428571,0.920163112714286,2.33092446485714
"313","2283.1",133.666666666667,122.352941176471,2.09803921568627,32.7073684210526,26.7639473684211,0.355,5.7783147824,0.601020930232558,0.254653488372093,0.245270507241379,1.03084427758621,6.08550687483333
"314","2283.1",157,109.5,5.6,10.736,26.155,0.175,1.6944479188,0.11304,0.10688,0.0407875539,0.6967212137,2.7293120048
"315","2283.1",68.1774193548387,101.209677419355,8.7258064516129,4.52761904761905,7.06166666666667,0.214761904761905,0.242204203688525,0.032085,0.012245,0.797928328775862,0.567594413033333,2.08353675817073
"316","2283.1",96.9583333333333,117.708333333333,3.58333333333333,27.4225,18.0254166666667,0.150833333333333,2.50415990322727,0.285570833333333,0.131408695652174,0.732129366428571,0.565173484,3.65865940113636
"317","2283.1",145.935483870968,129.516129032258,3.04838709677419,34.5255737704918,21.9518032786885,0.151666666666667,4.42209381552459,0.336383720930233,0.209088292682927,0.28451191925,0.556509370829268,3.15541561454098
"318","2283.2",177.571428571429,153.571428571429,8,12.9971428571429,34.9571428571429,0.395714285714286,1.73227447614286,0.384857142857143,0.0728714285714286,1.84858889528571,0.422576450714286,4.19363595028571
"319","2283.2",454.285714285714,100.714285714286,11.8571428571429,NA,NA,NA,24.566515703,3.41954285714286,1.5202,0.68406901,0.614944929142857,NA
"320","2283.2",131.536585365854,122.439024390244,2.75609756097561,32.0997916666667,37.8366666666667,0.217291666666667,5.07426901505882,0.82005625,0.340169565217391,0.6214303215625,0.681158384129032,4.65942386997059
"321","2283.2",69.1428571428571,102.142857142857,9.28571428571429,9.87857142857143,14.4471428571429,0.167857142857143,1.04559125021429,0.0612357142857143,0.0580285714285714,0.030779961,0.551075382142857,2.17563195978571
"322","2283.2",114.725,133.625,8.8,2.8972972972973,25.5408108108108,0.169189189189189,0.578494769075,0.0834766666666667,0.0299566666666667,0.8215955545,0.507150797233333,2.14753878843243
"323","2283.2",488,152.142857142857,9.28571428571429,65.7142857142857,163.221428571429,0.435714285714286,58.13774343,20.6003857142857,4.49434285714286,2.58617976171429,0.772324803285714,3.02208318314286
"324","2283.2",191.470588235294,135.882352941176,6.17647058823529,18.6438235294118,58.6508823529412,0.202647058823529,6.771067494,0.359376470588235,0.172008823529412,0.25758510930303,0.340359935090909,3.0104864715
"325","2283.2",86.6,164.5,9.6,5.361,7.976,0.201,0.2786564273,0.0161,0.01457,0.0561857151,0.5169683953,2.12117048
"326","2283.2",48.9677419354839,149.25,9.9,4.03756097560976,8.27073170731707,0.291463414634146,0.268815742,0.063719512195122,0.0197390243902439,1.62596671823333,0.686459807,2.26358917748387
"327","2283.2",NA,NA,NA,11.4857142857143,27.6285714285714,0.35,1.97669370271429,0.108928571428571,0.0765714285714286,0.133578772142857,0.386779724,2.63220816771429
"328","2283.2",187.625,141.458333333333,4.58333333333333,40.4944117647059,82.0855882352941,0.379411764705882,17.6672992967,3.80192121212121,1.5026,1.13643920755556,1.17682431047368,3.56083875155
"329","2283.2",221.056338028169,133.380281690141,4.94366197183099,15.8695774647887,68.6512676056338,0.218732394366197,5.57522242049296,0.372601694915254,0.242222166666667,0.252129436258621,0.483569774116667,3.38568207642254
"330","2283.2",176.5,136.785714285714,2.57142857142857,31.3621428571429,41.1757142857143,0.16,8.16524831642857,1.03142142857143,0.373071428571429,1.058065592,0.494242896285714,2.99949298
"331","2283.2",138.607142857143,126.571428571429,3,13.4042857142857,15.1196428571429,0.235357142857143,1.29621256771429,0.0868615384615385,0.079604,0.0342152212631579,0.495931787,2.23478555185714
"332","2283.2",123.553191489362,142.553191489362,2.125,4.49333333333333,35.2068888888889,0.281777777777778,1.22120331075,0.146317948717949,0.0983538461538462,0.552675863742857,0.824000079722222,2.50453512188095
"333","2283.2",90.8947368421053,105,3.34210526315789,21.4910526315789,17.1860526315789,0.236578947368421,2.34751550280952,0.161175,0.0926152777777778,0.10200127252381,0.43392181325,2.20446951504762
"334","2283.2",68.35,138,4.1,16.756,12.5675,0.4085,1.74316735673333,0.240046428571429,0.116092857142857,0.48234479332,0.722623845481482,2.492357867
"335","2283.2",133.666666666667,122.352941176471,2.09803921568627,32.7073684210526,26.7639473684211,0.355,5.7783147824,0.601020930232558,0.254653488372093,0.245270507241379,1.03084427758621,6.08550687483333
"336","2283.2",157,109.5,5.6,10.736,26.155,0.175,1.6944479188,0.11304,0.10688,0.0407875539,0.6967212137,2.7293120048
"337","2283.2",68,140,16.1176470588235,2.25058823529412,10.9670588235294,0.665882352941176,0.215747345,0.0824705882352941,0.0166529411764706,3.58290283158824,0.895013948882353,2.23115229617647
"338","2283.2",43,153.571428571429,8.14285714285714,2.42714285714286,5.87928571428571,0.179230769230769,0.107882082692308,0.0112385714285714,0.00465714285714286,0.647558988461538,0.443954490076923,2.26314530146154
"339","2283.2",13.3137254901961,159.78431372549,6.41176470588235,1.39607843137255,4.03803921568627,0.261176470588235,0.0350777144090909,0.00521071428571429,0.00241851851851852,0.330435318,0.623359059368421,2.82446511506818
"340","2283.2",68.1774193548387,101.209677419355,8.7258064516129,4.52761904761905,7.06166666666667,0.214761904761905,0.242204203688525,0.032085,0.012245,0.797928328775862,0.567594413033333,2.08353675817073
"341","2283.2",96.9583333333333,117.708333333333,3.58333333333333,27.4225,18.0254166666667,0.150833333333333,2.50415990322727,0.285570833333333,0.131408695652174,0.732129366428571,0.565173484,3.65865940113636
"342","2283.2",145.935483870968,129.516129032258,3.04838709677419,34.5255737704918,21.9518032786885,0.151666666666667,4.42209381552459,0.336383720930233,0.209088292682927,0.28451191925,0.556509370829268,3.15541561454098
"343","2283.3",177.571428571429,153.571428571429,8,12.9971428571429,34.9571428571429,0.395714285714286,1.73227447614286,0.384857142857143,0.0728714285714286,1.84858889528571,0.422576450714286,4.19363595028571
"344","2283.3",454.285714285714,100.714285714286,11.8571428571429,NA,NA,NA,24.566515703,3.41954285714286,1.5202,0.68406901,0.614944929142857,NA
"345","2283.3",56.7,133.5,2.8,9.6295,14.6425,0.2765,0.9491136962,0.05944,0.0437263157894737,0.0324677889,0.6714764073,2.5469091701
"346","2283.3",114.725,133.625,8.8,2.8972972972973,25.5408108108108,0.169189189189189,0.578494769075,0.0834766666666667,0.0299566666666667,0.8215955545,0.507150797233333,2.14753878843243
"347","2283.3",191.470588235294,135.882352941176,6.17647058823529,18.6438235294118,58.6508823529412,0.202647058823529,6.771067494,0.359376470588235,0.172008823529412,0.25758510930303,0.340359935090909,3.0104864715
"348","2283.3",187.625,141.458333333333,4.58333333333333,40.4944117647059,82.0855882352941,0.379411764705882,17.6672992967,3.80192121212121,1.5026,1.13643920755556,1.17682431047368,3.56083875155
"349","2283.3",221.056338028169,133.380281690141,4.94366197183099,15.8695774647887,68.6512676056338,0.218732394366197,5.57522242049296,0.372601694915254,0.242222166666667,0.252129436258621,0.483569774116667,3.38568207642254
"350","2283.3",176.5,136.785714285714,2.57142857142857,31.3621428571429,41.1757142857143,0.16,8.16524831642857,1.03142142857143,0.373071428571429,1.058065592,0.494242896285714,2.99949298
"351","2283.3",91.3928571428571,150.555555555556,6.75,7.69714285714286,20.7053571428571,0.201785714285714,1.09435587996296,0.0639705882352941,0.054,0.0424995987857143,2.676795462625,10.4676150441481
"352","2283.3",138.607142857143,126.571428571429,3,13.4042857142857,15.1196428571429,0.235357142857143,1.29621256771429,0.0868615384615385,0.079604,0.0342152212631579,0.495931787,2.23478555185714
"353","2283.3",123.553191489362,142.553191489362,2.125,4.49333333333333,35.2068888888889,0.281777777777778,1.22120331075,0.146317948717949,0.0983538461538462,0.552675863742857,0.824000079722222,2.50453512188095
"354","2283.3",90.8947368421053,105,3.34210526315789,21.4910526315789,17.1860526315789,0.236578947368421,2.34751550280952,0.161175,0.0926152777777778,0.10200127252381,0.43392181325,2.20446951504762
"355","2283.3",68.35,138,4.1,16.756,12.5675,0.4085,1.74316735673333,0.240046428571429,0.116092857142857,0.48234479332,0.722623845481482,2.492357867
"356","2283.3",133.666666666667,122.352941176471,2.09803921568627,32.7073684210526,26.7639473684211,0.355,5.7783147824,0.601020930232558,0.254653488372093,0.245270507241379,1.03084427758621,6.08550687483333
"357","2283.3",157,109.5,5.6,10.736,26.155,0.175,1.6944479188,0.11304,0.10688,0.0407875539,0.6967212137,2.7293120048
"358","2283.3",68,140,16.1176470588235,2.25058823529412,10.9670588235294,0.665882352941176,0.215747345,0.0824705882352941,0.0166529411764706,3.58290283158824,0.895013948882353,2.23115229617647
"359","2283.3",43,153.571428571429,8.14285714285714,2.42714285714286,5.87928571428571,0.179230769230769,0.107882082692308,0.0112385714285714,0.00465714285714286,0.647558988461538,0.443954490076923,2.26314530146154
"360","2283.3",87.7058823529412,146.470588235294,9.94117647058824,7.05823529411765,14.3088235294118,0.4,0.604279028294118,0.0263714285714286,0.0239571428571429,0.095263348,0.974219761428571,3.12187296394118
"361","2283.3",145.935483870968,129.516129032258,3.04838709677419,34.5255737704918,21.9518032786885,0.151666666666667,4.42209381552459,0.336383720930233,0.209088292682927,0.28451191925,0.556509370829268,3.15541561454098
"362","2379.1",114.725,133.625,8.8,2.8972972972973,25.5408108108108,0.169189189189189,0.578494769075,0.0834766666666667,0.0299566666666667,0.8215955545,0.507150797233333,2.14753878843243
"363","2379.1",79.2352941176471,138.823529411765,3,14.9605882352941,30.8294117647059,0.566470588235294,2.757985216,0.29733,0.18903,0.8499997242,0.9688822421,2.891480602
"364","2379.1",39,146.5,4,4.108,8.626,0.241,0.2847844228,0.06932,0.03994,1.021661398,1.3895181143,2.0853087618
"365","2379.1",59.8947368421053,119.736842105263,11.0545454545455,5.01228070175439,6.64649122807018,0.179122807017544,0.212819573392857,0.0286578947368421,0.0087719298245614,0.926780312666667,0.414846337703704,3.40250866198214
"366","2379.1",182.25,116.666666666667,3.125,22.7547916666667,19.24125,0.464583333333333,2.65300166948148,0.290935416666667,0.206319583333333,0.184231995692308,1.27451564796296,2.11295409855556
"367","2379.1",91.3928571428571,150.555555555556,6.75,7.69714285714286,20.7053571428571,0.201785714285714,1.09435587996296,0.0639705882352941,0.054,0.0424995987857143,2.676795462625,10.4676150441481
"368","2379.1",68.35,138,4.1,16.756,12.5675,0.4085,1.74316735673333,0.240046428571429,0.116092857142857,0.48234479332,0.722623845481482,2.492357867
"369","2379.1",133.666666666667,122.352941176471,2.09803921568627,32.7073684210526,26.7639473684211,0.355,5.7783147824,0.601020930232558,0.254653488372093,0.245270507241379,1.03084427758621,6.08550687483333
"370","2379.2",114.725,133.625,8.8,2.8972972972973,25.5408108108108,0.169189189189189,0.578494769075,0.0834766666666667,0.0299566666666667,0.8215955545,0.507150797233333,2.14753878843243
"371","2379.2",79.2352941176471,138.823529411765,3,14.9605882352941,30.8294117647059,0.566470588235294,2.757985216,0.29733,0.18903,0.8499997242,0.9688822421,2.891480602
"372","2379.2",39,146.5,4,4.108,8.626,0.241,0.2847844228,0.06932,0.03994,1.021661398,1.3895181143,2.0853087618
"373","2379.2",59.8947368421053,119.736842105263,11.0545454545455,5.01228070175439,6.64649122807018,0.179122807017544,0.212819573392857,0.0286578947368421,0.0087719298245614,0.926780312666667,0.414846337703704,3.40250866198214
"374","2379.2",7.25,160.5,7.25,0.9075,2.2965,0.23,0.0208790494,0.0052415,0.003435,2.26866094445,0.1961723527,1.88096577055
"375","2379.2",21.2857142857143,142.857142857143,10.7142857142857,0.938571428571429,3.36285714285714,0.154285714285714,NA,0.0093,0.0077,NA,NA,NA
"376","2379.2",68.35,138,4.1,16.756,12.5675,0.4085,1.74316735673333,0.240046428571429,0.116092857142857,0.48234479332,0.722623845481482,2.492357867
"377","2379.2",133.666666666667,122.352941176471,2.09803921568627,32.7073684210526,26.7639473684211,0.355,5.7783147824,0.601020930232558,0.254653488372093,0.245270507241379,1.03084427758621,6.08550687483333
"378","2379.2",NA,NA,NA,4.156,8.385,0.699,0.2758386964,0.0890555555555556,0.0438,1.85968735577778,1.793811289,2.0316829019
"379","2379.2",13.3137254901961,159.78431372549,6.41176470588235,1.39607843137255,4.03803921568627,0.261176470588235,0.0350777144090909,0.00521071428571429,0.00241851851851852,0.330435318,0.623359059368421,2.82446511506818
"380","2379.2",145.935483870968,129.516129032258,3.04838709677419,34.5255737704918,21.9518032786885,0.151666666666667,4.42209381552459,0.336383720930233,0.209088292682927,0.28451191925,0.556509370829268,3.15541561454098
"381","2379.3",69.1428571428571,102.142857142857,9.28571428571429,9.87857142857143,14.4471428571429,0.167857142857143,1.04559125021429,0.0612357142857143,0.0580285714285714,0.030779961,0.551075382142857,2.17563195978571
"382","2379.3",114.725,133.625,8.8,2.8972972972973,25.5408108108108,0.169189189189189,0.578494769075,0.0834766666666667,0.0299566666666667,0.8215955545,0.507150797233333,2.14753878843243
"383","2379.3",79.2352941176471,138.823529411765,3,14.9605882352941,30.8294117647059,0.566470588235294,2.757985216,0.29733,0.18903,0.8499997242,0.9688822421,2.891480602
"384","2379.3",39,146.5,4,4.108,8.626,0.241,0.2847844228,0.06932,0.03994,1.021661398,1.3895181143,2.0853087618
"385","2379.3",48.9677419354839,149.25,9.9,4.03756097560976,8.27073170731707,0.291463414634146,0.268815742,0.063719512195122,0.0197390243902439,1.62596671823333,0.686459807,2.26358917748387
"386","2379.3",182.25,116.666666666667,3.125,22.7547916666667,19.24125,0.464583333333333,2.65300166948148,0.290935416666667,0.206319583333333,0.184231995692308,1.27451564796296,2.11295409855556
"387","2379.3",7.25,160.5,7.25,0.9075,2.2965,0.23,0.0208790494,0.0052415,0.003435,2.26866094445,0.1961723527,1.88096577055
"388","2379.3",68.35,138,4.1,16.756,12.5675,0.4085,1.74316735673333,0.240046428571429,0.116092857142857,0.48234479332,0.722623845481482,2.492357867
"389","2379.3",133.666666666667,122.352941176471,2.09803921568627,32.7073684210526,26.7639473684211,0.355,5.7783147824,0.601020930232558,0.254653488372093,0.245270507241379,1.03084427758621,6.08550687483333
"390","2379.3",NA,NA,NA,4.156,8.385,0.699,0.2758386964,0.0890555555555556,0.0438,1.85968735577778,1.793811289,2.0316829019
"391","2379.3",147.647058823529,95,4.47058823529412,20.3,23.8714285714286,0.215,4.2797398360625,0.347747058823529,0.193841176470588,0.4252686063125,0.5632007224375,2.35349169038462
"392","2587.1",32.8,164.5,3.5,8.221,26.832,0.353,0.7950493661,NA,NA,NA,NA,5.2463210954
"393","2587.1",71,130,8.5,3.489,6.923,0.264,0.1587790005,0.02742,0.00917,1.0692730266,0.5900060612,2.5121794968
"394","2587.1",79.2352941176471,138.823529411765,3,14.9605882352941,30.8294117647059,0.566470588235294,2.757985216,0.29733,0.18903,0.8499997242,0.9688822421,2.891480602
"395","2587.1",29.6,138.5,9.7,3.811,21.0458,0.287,NA,NA,NA,NA,NA,NA
"396","2587.1",48.9677419354839,149.25,9.9,4.03756097560976,8.27073170731707,0.291463414634146,0.268815742,0.063719512195122,0.0197390243902439,1.62596671823333,0.686459807,2.26358917748387
"397","2587.1",91.3928571428571,150.555555555556,6.75,7.69714285714286,20.7053571428571,0.201785714285714,1.09435587996296,0.0639705882352941,0.054,0.0424995987857143,2.676795462625,10.4676150441481
"398","2587.1",123.553191489362,142.553191489362,2.125,4.49333333333333,35.2068888888889,0.281777777777778,1.22120331075,0.146317948717949,0.0983538461538462,0.552675863742857,0.824000079722222,2.50453512188095
"399","2587.1",68.35,138,4.1,16.756,12.5675,0.4085,1.74316735673333,0.240046428571429,0.116092857142857,0.48234479332,0.722623845481482,2.492357867
"400","2587.1",12.4285714285714,136.428571428571,8.28571428571429,1.54285714285714,3.74142857142857,0.161428571428571,0.0131974507142857,0.00638571428571429,0.002075,5.43359842425,2.007361933,9.97790306614286
"401","2587.1",13.3137254901961,159.78431372549,6.41176470588235,1.39607843137255,4.03803921568627,0.261176470588235,0.0350777144090909,0.00521071428571429,0.00241851851851852,0.330435318,0.623359059368421,2.82446511506818
"402","2587.2",79.2352941176471,138.823529411765,3,14.9605882352941,30.8294117647059,0.566470588235294,2.757985216,0.29733,0.18903,0.8499997242,0.9688822421,2.891480602
"403","2587.2",48.9677419354839,149.25,9.9,4.03756097560976,8.27073170731707,0.291463414634146,0.268815742,0.063719512195122,0.0197390243902439,1.62596671823333,0.686459807,2.26358917748387
"404","2587.2",7.25,160.5,7.25,0.9075,2.2965,0.23,0.0208790494,0.0052415,0.003435,2.26866094445,0.1961723527,1.88096577055
"405","2587.2",68.35,138,4.1,16.756,12.5675,0.4085,1.74316735673333,0.240046428571429,0.116092857142857,0.48234479332,0.722623845481482,2.492357867
"406","2587.2",68,140,16.1176470588235,2.25058823529412,10.9670588235294,0.665882352941176,0.215747345,0.0824705882352941,0.0166529411764706,3.58290283158824,0.895013948882353,2.23115229617647
"407","2587.2",37.9,144.5,5.3,2.201,5.18,0.276666666666667,0.0582118698,0.00844,0.00312,0.7847971306,0.572351029,3.2570754682
"408","2587.2",13.3137254901961,159.78431372549,6.41176470588235,1.39607843137255,4.03803921568627,0.261176470588235,0.0350777144090909,0.00521071428571429,0.00241851851851852,0.330435318,0.623359059368421,2.82446511506818
"409","2587.3",56.7,133.5,2.8,9.6295,14.6425,0.2765,0.9491136962,0.05944,0.0437263157894737,0.0324677889,0.6714764073,2.5469091701
"410","2587.3",21.5,112.5,11.2,1.488,4.017,0.244,0.531991348,0.047,0.0309,0.31578927825,0.642590615375,0.1949961879
"411","2587.3",71,130,8.5,3.489,6.923,0.264,0.1587790005,0.02742,0.00917,1.0692730266,0.5900060612,2.5121794968
"412","2587.3",79.2352941176471,138.823529411765,3,14.9605882352941,30.8294117647059,0.566470588235294,2.757985216,0.29733,0.18903,0.8499997242,0.9688822421,2.891480602
"413","2587.3",14.3,157.5,8.7,1.451,3.802,0.172,0.0330348399,NA,NA,NA,NA,3.4627527024
"414","2587.3",15.7,165.5,10.7,0.874,3.529,0.201,0.0146566458888889,NA,NA,NA,NA,3.88633702577778
"415","2587.3",21.09,146,17.3,3.386,7.697,0.337,0.1107215767,0.02585,0.00808,1.5673670235,0.7506049222,3.7939711289
"416","2587.3",37.9,144.5,5.3,2.201,5.18,0.276666666666667,0.0582118698,0.00844,0.00312,0.7847971306,0.572351029,3.2570754682
"417","2587.3",12.4285714285714,136.428571428571,8.28571428571429,1.54285714285714,3.74142857142857,0.161428571428571,0.0131974507142857,0.00638571428571429,0.002075,5.43359842425,2.007361933,9.97790306614286
"418","2587.3",13.3137254901961,159.78431372549,6.41176470588235,1.39607843137255,4.03803921568627,0.261176470588235,0.0350777144090909,0.00521071428571429,0.00241851851851852,0.330435318,0.623359059368421,2.82446511506818
